,location,location_detail,price
서울특별시,종로구,청운동,2423
서울특별시,종로구,신교동,2112
서울특별시,종로구,궁정동,2797
서울특별시,종로구,효자동,2389
서울특별시,종로구,창성동,2859
서울특별시,종로구,통의동,2618
서울특별시,종로구,적선동,0
서울특별시,종로구,통인동,2622
서울특별시,종로구,누상동,2502
서울특별시,종로구,누하동,2987
서울특별시,종로구,옥인동,2656
서울특별시,종로구,체부동,3034
서울특별시,종로구,필운동,3058
서울특별시,종로구,내자동,4460
서울특별시,종로구,사직동,2878
서울특별시,종로구,도렴동,0
서울특별시,종로구,당주동,0
서울특별시,종로구,내수동,10400
서울특별시,종로구,세종로,0
서울특별시,종로구,신문로1가,0
서울특별시,종로구,신문로2가,3659
서울특별시,종로구,청진동,0
서울특별시,종로구,서린동,0
서울특별시,종로구,수송동,0
서울특별시,종로구,중학동,0
서울특별시,종로구,종로1가,0
서울특별시,종로구,공평동,0
서울특별시,종로구,관훈동,0
서울특별시,종로구,견지동,0
서울특별시,종로구,와룡동,2408
서울특별시,종로구,권농동,2215
서울특별시,종로구,운니동,2645
서울특별시,종로구,익선동,3372
서울특별시,종로구,경운동,3070
서울특별시,종로구,관철동,0
서울특별시,종로구,인사동,0
서울특별시,종로구,낙원동,3000
서울특별시,종로구,종로2가,0
서울특별시,종로구,팔판동,3647
서울특별시,종로구,삼청동,3031
서울특별시,종로구,안국동,4006
서울특별시,종로구,소격동,3763
서울특별시,종로구,화동,3313
서울특별시,종로구,사간동,3137
서울특별시,종로구,송현동,0
서울특별시,종로구,가회동,3288
서울특별시,종로구,재동,3893
서울특별시,종로구,계동,2885
서울특별시,종로구,원서동,2673
서울특별시,종로구,묘동,0
서울특별시,종로구,봉익동,2600
서울특별시,종로구,돈의동,3307
서울특별시,종로구,장사동,0
서울특별시,종로구,관수동,0
서울특별시,종로구,종로3가,0
서울특별시,종로구,인의동,2240
서울특별시,종로구,예지동,0
서울특별시,종로구,원남동,2159
서울특별시,종로구,연지동,2233
서울특별시,종로구,종로4가,0
서울특별시,종로구,효제동,2720
서울특별시,종로구,종로5가,4570
서울특별시,종로구,종로6가,2809
서울특별시,종로구,이화동,2264
서울특별시,종로구,연건동,2408
서울특별시,종로구,충신동,2376
서울특별시,종로구,동숭동,2488
서울특별시,종로구,혜화동,2336
서울특별시,종로구,명륜1가,2288
서울특별시,종로구,명륜2가,2474
서울특별시,종로구,명륜4가,3037
서울특별시,종로구,명륜3가,1814
서울특별시,종로구,창신동,2330
서울특별시,종로구,숭인동,2417
서울특별시,종로구,교남동,4690
서울특별시,종로구,평동,3862
서울특별시,종로구,송월동,3753
서울특별시,종로구,홍파동,3363
서울특별시,종로구,교북동,3970
서울특별시,종로구,행촌동,2118
서울특별시,종로구,구기동,1549
서울특별시,종로구,평창동,1808
서울특별시,종로구,부암동,1391
서울특별시,종로구,홍지동,1465
서울특별시,종로구,신영동,1598
서울특별시,종로구,무악동,2806
서울특별시,중구,무교동,0
서울특별시,중구,다동,0
서울특별시,중구,태평로1가,0
서울특별시,중구,을지로1가,0
서울특별시,중구,을지로2가,0
서울특별시,중구,남대문로1가,0
서울특별시,중구,삼각동,0
서울특별시,중구,수하동,0
서울특별시,중구,장교동,0
서울특별시,중구,수표동,0
서울특별시,중구,소공동,0
서울특별시,중구,남창동,1924
서울특별시,중구,북창동,0
서울특별시,중구,태평로2가,0
서울특별시,중구,남대문로2가,0
서울특별시,중구,남대문로3가,0
서울특별시,중구,남대문로4가,0
서울특별시,중구,남대문로5가,0
서울특별시,중구,봉래동1가,0
서울특별시,중구,회현동1가,2181
서울특별시,중구,회현동2가,1973
서울특별시,중구,회현동3가,2130
서울특별시,중구,충무로1가,0
서울특별시,중구,충무로2가,0
서울특별시,중구,명동1가,0
서울특별시,중구,명동2가,0
서울특별시,중구,남산동1가,2245
서울특별시,중구,남산동2가,1767
서울특별시,중구,남산동3가,1840
서울특별시,중구,저동1가,0
서울특별시,중구,충무로4가,0
서울특별시,중구,충무로5가,0
서울특별시,중구,인현동2가,0
서울특별시,중구,예관동,0
서울특별시,중구,묵정동,2910
서울특별시,중구,필동1가,3305
서울특별시,중구,필동2가,2981
서울특별시,중구,필동3가,2809
서울특별시,중구,남학동,0
서울특별시,중구,주자동,0
서울특별시,중구,예장동,2412
서울특별시,중구,장충동1가,2703
서울특별시,중구,장충동2가,2535
서울특별시,중구,광희동1가,0
서울특별시,중구,광희동2가,2471
서울특별시,중구,쌍림동,2175
서울특별시,중구,을지로6가,0
서울특별시,중구,을지로7가,3303
서울특별시,중구,을지로4가,0
서울특별시,중구,을지로5가,0
서울특별시,중구,주교동,0
서울특별시,중구,방산동,0
서울특별시,중구,오장동,0
서울특별시,중구,을지로3가,0
서울특별시,중구,입정동,0
서울특별시,중구,산림동,0
서울특별시,중구,충무로3가,0
서울특별시,중구,초동,0
서울특별시,중구,인현동1가,0
서울특별시,중구,저동2가,0
서울특별시,중구,신당동,2311
서울특별시,중구,흥인동,3350
서울특별시,중구,무학동,4220
서울특별시,중구,황학동,3114
서울특별시,중구,서소문동,0
서울특별시,중구,정동,0
서울특별시,중구,순화동,0
서울특별시,중구,의주로1가,0
서울특별시,중구,충정로1가,0
서울특별시,중구,중림동,2399
서울특별시,중구,의주로2가,0
서울특별시,중구,만리동1가,2626
서울특별시,중구,만리동2가,2386
서울특별시,용산구,후암동,2418
서울특별시,용산구,용산동2가,2342
서울특별시,용산구,갈월동,2822
서울특별시,용산구,남영동,3050
서울특별시,용산구,동자동,3341
서울특별시,용산구,서계동,2557
서울특별시,용산구,청파동1가,2370
서울특별시,용산구,청파동2가,2740
서울특별시,용산구,청파동3가,2589
서울특별시,용산구,원효로1가,2903
서울특별시,용산구,원효로2가,2493
서울특별시,용산구,신창동,2532
서울특별시,용산구,산천동,3012
서울특별시,용산구,청암동,2600
서울특별시,용산구,원효로3가,2846
서울특별시,용산구,원효로4가,2714
서울특별시,용산구,효창동,2708
서울특별시,용산구,도원동,3990
서울특별시,용산구,용문동,2737
서울특별시,용산구,문배동,0
서울특별시,용산구,신계동,3920
서울특별시,용산구,한강로1가,5064
서울특별시,용산구,한강로2가,5685
서울특별시,용산구,용산동3가,4063
서울특별시,용산구,용산동5가,0
서울특별시,용산구,한강로3가,5948
서울특별시,용산구,이촌동,10405
서울특별시,용산구,이태원동,3008
서울특별시,용산구,한남동,3533
서울특별시,용산구,동빙고동,4206
서울특별시,용산구,서빙고동,3260
서울특별시,용산구,주성동,4263
서울특별시,용산구,용산동6가,0
서울특별시,용산구,보광동,4223
서울특별시,성동구,상왕십리동,3251
서울특별시,성동구,하왕십리동,2974
서울특별시,성동구,홍익동,3429
서울특별시,성동구,도선동,3081
서울특별시,성동구,마장동,2500
서울특별시,성동구,사근동,2024
서울특별시,성동구,행당동,2669
서울특별시,성동구,응봉동,2298
서울특별시,성동구,금호동1가,2741
서울특별시,성동구,금호동2가,2797
서울특별시,성동구,금호동3가,2560
서울특별시,성동구,금호동4가,2820
서울특별시,성동구,옥수동,2675
서울특별시,성동구,성수동1가,3364
서울특별시,성동구,성수동2가,3274
서울특별시,성동구,송정동,2396
서울특별시,성동구,용답동,2667
서울특별시,광진구,중곡동,2085
서울특별시,광진구,능동,2400
서울특별시,광진구,구의동,2475
서울특별시,광진구,광장동,2703
서울특별시,광진구,자양동,2738
서울특별시,광진구,노유동,0
서울특별시,광진구,화양동,2986
서울특별시,광진구,모진동,0
서울특별시,광진구,군자동,2463
서울특별시,동대문구,신설동,2308
서울특별시,동대문구,용두동,2548
서울특별시,동대문구,제기동,2305
서울특별시,동대문구,전농동,2462
서울특별시,동대문구,답십리동,2676
서울특별시,동대문구,장안동,2391
서울특별시,동대문구,청량리동,2237
서울특별시,동대문구,회기동,2165
서울특별시,동대문구,휘경동,2063
서울특별시,동대문구,이문동,2281
서울특별시,중랑구,면목동,1860
서울특별시,중랑구,상봉동,2014
서울특별시,중랑구,중화동,1864
서울특별시,중랑구,묵동,1792
서울특별시,중랑구,망우동,1829
서울특별시,중랑구,신내동,1750
서울특별시,성북구,성북동,2270
서울특별시,성북구,성북동1가,2420
서울특별시,성북구,돈암동,2231
서울특별시,성북구,동소문동1가,2571
서울특별시,성북구,동소문동2가,2583
서울특별시,성북구,동소문동3가,3068
서울특별시,성북구,동소문동4가,2306
서울특별시,성북구,동소문동5가,3366
서울특별시,성북구,동소문동6가,2505
서울특별시,성북구,동소문동7가,2630
서울특별시,성북구,삼선동1가,2191
서울특별시,성북구,삼선동2가,2491
서울특별시,성북구,삼선동3가,2364
서울특별시,성북구,삼선동4가,2664
서울특별시,성북구,삼선동5가,2634
서울특별시,성북구,동선동1가,2826
서울특별시,성북구,동선동2가,2898
서울특별시,성북구,동선동3가,2677
서울특별시,성북구,동선동4가,2601
서울특별시,성북구,동선동5가,2366
서울특별시,성북구,안암동1가,2360
서울특별시,성북구,안암동2가,2370
서울특별시,성북구,안암동3가,2238
서울특별시,성북구,안암동4가,2721
서울특별시,성북구,안암동5가,2514
서울특별시,성북구,보문동4가,2849
서울특별시,성북구,보문동5가,2424
서울특별시,성북구,보문동6가,2151
서울특별시,성북구,보문동7가,2581
서울특별시,성북구,보문동1가,2662
서울특별시,성북구,보문동2가,2575
서울특별시,성북구,보문동3가,2299
서울특별시,성북구,정릉동,1846
서울특별시,성북구,길음동,2403
서울특별시,성북구,종암동,2031
서울특별시,성북구,하월곡동,2332
서울특별시,성북구,상월곡동,2167
서울특별시,성북구,장위동,2399
서울특별시,성북구,석관동,2092
서울특별시,강북구,미아동,1839
서울특별시,강북구,번동,1687
서울특별시,강북구,수유동,1572
서울특별시,강북구,우이동,1476
서울특별시,도봉구,쌍문동,1528
서울특별시,도봉구,방학동,1712
서울특별시,도봉구,창동,1770
서울특별시,도봉구,도봉동,1784
서울특별시,노원구,월계동,1661
서울특별시,노원구,공릉동,1774
서울특별시,노원구,하계동,1634
서울특별시,노원구,상계동,1975
서울특별시,노원구,중계동,1669
서울특별시,은평구,수색동,2200
서울특별시,은평구,녹번동,1887
서울특별시,은평구,불광동,1957
서울특별시,은평구,갈현동,1802
서울특별시,은평구,구산동,1922
서울특별시,은평구,대조동,2208
서울특별시,은평구,응암동,1941
서울특별시,은평구,역촌동,2018
서울특별시,은평구,신사동,1823
서울특별시,은평구,증산동,2281
서울특별시,은평구,진관내동,1873
서울특별시,은평구,구파발동,0
서울특별시,은평구,진관외동,0
서울특별시,서대문구,충정로2가,2519
서울특별시,서대문구,충정로3가,0
서울특별시,서대문구,합동,2700
서울특별시,서대문구,미근동,2896
서울특별시,서대문구,냉천동,3034
서울특별시,서대문구,천연동,2518
서울특별시,서대문구,옥천동,2683
서울특별시,서대문구,영천동,2680
서울특별시,서대문구,현저동,1900
서울특별시,서대문구,북아현동,2524
서울특별시,서대문구,홍제동,2073
서울특별시,서대문구,대현동,3017
서울특별시,서대문구,대신동,2505
서울특별시,서대문구,신촌동,1985
서울특별시,서대문구,봉원동,1630
서울특별시,서대문구,창천동,2549
서울특별시,서대문구,연희동,1890
서울특별시,서대문구,홍은동,1693
서울특별시,서대문구,북가좌동,2068
서울특별시,서대문구,남가좌동,2168
서울특별시,마포구,아현동,3070
서울특별시,마포구,공덕동,2644
서울특별시,마포구,신공덕동,2319
서울특별시,마포구,도화동,2650
서울특별시,마포구,용강동,2413
서울특별시,마포구,토정동,2710
서울특별시,마포구,마포동,2737
서울특별시,마포구,대흥동,2606
서울특별시,마포구,염리동,3104
서울특별시,마포구,노고산동,2997
서울특별시,마포구,신수동,2424
서울특별시,마포구,현석동,2353
서울특별시,마포구,구수동,2250
서울특별시,마포구,창전동,2463
서울특별시,마포구,상수동,2742
서울특별시,마포구,하중동,0
서울특별시,마포구,신정동,3220
서울특별시,마포구,당인동,2706
서울특별시,마포구,서교동,2888
서울특별시,마포구,동교동,2998
서울특별시,마포구,합정동,2648
서울특별시,마포구,망원동,2574
서울특별시,마포구,연남동,2392
서울특별시,마포구,성산동,2372
서울특별시,마포구,중동,2328
서울특별시,마포구,상암동,2832
서울특별시,양천구,목동,2205
서울특별시,양천구,신월동,1905
서울특별시,강서구,염창동,2796
서울특별시,강서구,등촌동,2335
서울특별시,강서구,화곡동,1823
서울특별시,강서구,가양동,2211
서울특별시,강서구,마곡동,2270
서울특별시,강서구,내발산동,2054
서울특별시,강서구,외발산동,1880
서울특별시,강서구,공항동,2102
서울특별시,강서구,방화동,2195
서울특별시,강서구,개화동,1584
서울특별시,강서구,과해동,0
서울특별시,강서구,오곡동,327
서울특별시,강서구,오쇠동,0
서울특별시,구로구,신도림동,2810
서울특별시,구로구,구로동,2077
서울특별시,구로구,가리봉동,3067
서울특별시,구로구,고척동,1715
서울특별시,구로구,개봉동,1950
서울특별시,구로구,오류동,1795
서울특별시,구로구,궁동,1714
서울특별시,구로구,온수동,1806
서울특별시,구로구,천왕동,2117
서울특별시,구로구,항동,1664
서울특별시,금천구,가산동,1775
서울특별시,금천구,독산동,1750
서울특별시,금천구,시흥동,1753
서울특별시,영등포구,영등포동,1988
서울특별시,영등포구,영등포동1가,2194
서울특별시,영등포구,영등포동2가,2570
서울특별시,영등포구,영등포동3가,0
서울특별시,영등포구,영등포동4가,3370
서울특별시,영등포구,영등포동5가,2610
서울특별시,영등포구,영등포동6가,2460
서울특별시,영등포구,영등포동7가,2621
서울특별시,영등포구,영등포동8가,2281
서울특별시,영등포구,여의도동,5125
서울특별시,영등포구,당산동1가,2593
서울특별시,영등포구,당산동2가,2728
서울특별시,영등포구,당산동3가,2924
서울특별시,영등포구,당산동4가,2855
서울특별시,영등포구,당산동5가,2725
서울특별시,영등포구,당산동6가,2285
서울특별시,영등포구,당산동,2097
서울특별시,영등포구,도림동,2078
서울특별시,영등포구,문래동1가,2160
서울특별시,영등포구,문래동2가,0
서울특별시,영등포구,문래동3가,2580
서울특별시,영등포구,문래동4가,0
서울특별시,영등포구,문래동5가,0
서울특별시,영등포구,문래동6가,0
서울특별시,영등포구,양평동1가,2741
서울특별시,영등포구,양평동2가,2719
서울특별시,영등포구,양평동3가,2324
서울특별시,영등포구,양평동4가,2498
서울특별시,영등포구,양평동5가,2295
서울특별시,영등포구,양평동6가,2035
서울특별시,영등포구,신길동,2535
서울특별시,영등포구,대림동,1889
서울특별시,동작구,노량진동,3075
서울특별시,동작구,상도동,2022
서울특별시,동작구,상도1동,2331
서울특별시,동작구,본동,2311
서울특별시,동작구,흑석동,2896
서울특별시,동작구,동작동,2426
서울특별시,동작구,사당동,2411
서울특별시,동작구,대방동,2314
서울특별시,동작구,신대방동,2084
서울특별시,관악구,봉천동,2235
서울특별시,관악구,신림동,2418
서울특별시,관악구,남현동,2623
서울특별시,서초구,방배동,4021
서울특별시,서초구,양재동,3898
서울특별시,서초구,우면동,2619
서울특별시,서초구,원지동,2345
서울특별시,서초구,잠원동,4152
서울특별시,서초구,반포동,4013
서울특별시,서초구,서초동,4728
서울특별시,서초구,내곡동,2170
서울특별시,서초구,염곡동,2562
서울특별시,서초구,신원동,2687
서울특별시,강남구,역삼동,4424
서울특별시,강남구,포이동,0
서울특별시,강남구,개포동,3756
서울특별시,강남구,청담동,5098
서울특별시,강남구,삼성동,4593
서울특별시,강남구,대치동,4713
서울특별시,강남구,논현동,4200
서울특별시,강남구,압구정동,9600
서울특별시,강남구,세곡동,2238
서울특별시,강남구,자곡동,2415
서울특별시,강남구,율현동,2452
서울특별시,강남구,일원동,3883
서울특별시,강남구,수서동,3523
서울특별시,강남구,도곡동,4619
서울특별시,송파구,잠실동,4828
서울특별시,송파구,신천동,7830
서울특별시,송파구,풍납동,2527
서울특별시,송파구,송파동,3647
서울특별시,송파구,석촌동,4039
서울특별시,송파구,삼전동,4031
서울특별시,송파구,가락동,3509
서울특별시,송파구,문정동,3253
서울특별시,송파구,장지동,3090
서울특별시,송파구,방이동,3907
서울특별시,송파구,오금동,3229
서울특별시,송파구,거여동,3285
서울특별시,송파구,마천동,3217
서울특별시,강동구,명일동,3100
서울특별시,강동구,고덕동,3243
서울특별시,강동구,상일동,3416
서울특별시,강동구,하일동,0
서울특별시,강동구,길동,2778
서울특별시,강동구,둔촌동,2734
서울특별시,강동구,암사동,2555
서울특별시,강동구,성내동,2995
서울특별시,강동구,천호동,2842
서울특별시,종로구,청운동,2478
서울특별시,종로구,신교동,Err:509
서울특별시,종로구,궁정동,2833
서울특별시,종로구,효자동,2427
서울특별시,종로구,창성동,2931
서울특별시,종로구,통의동,2700
서울특별시,종로구,적선동, - 
서울특별시,종로구,통인동,2662
서울특별시,종로구,누상동,2462
서울특별시,종로구,누하동,3017
서울특별시,종로구,옥인동,2693
서울특별시,종로구,체부동,3084
서울특별시,종로구,필운동,3106
서울특별시,종로구,내자동,4520
서울특별시,종로구,사직동,3016
서울특별시,종로구,도렴동,0
서울특별시,종로구,당주동,0
서울특별시,종로구,내수동,10600
서울특별시,종로구,세종로,0
서울특별시,종로구,신문로1가, - 
서울특별시,종로구,신문로2가,3709
서울특별시,종로구,청진동,0
서울특별시,종로구,서린동,0
서울특별시,종로구,수송동,0
서울특별시,종로구,중학동,0
서울특별시,종로구,종로1가,0
서울특별시,종로구,공평동,0
서울특별시,종로구,관훈동,0
서울특별시,종로구,견지동,0
서울특별시,종로구,와룡동,2418
서울특별시,종로구,권농동,2225
서울특별시,종로구,운니동,2658
서울특별시,종로구,익선동,3391
서울특별시,종로구,경운동,3085
서울특별시,종로구,관철동,0
서울특별시,종로구,인사동,0
서울특별시,종로구,낙원동,3025
서울특별시,종로구,종로2가,0
서울특별시,종로구,팔판동,3534
서울특별시,종로구,삼청동,2786
서울특별시,종로구,안국동,4110
서울특별시,종로구,소격동,3808
서울특별시,종로구,화동,3394
서울특별시,종로구,사간동,3100
서울특별시,종로구,송현동,0
서울특별시,종로구,가회동,3365
서울특별시,종로구,재동,3940
서울특별시,종로구,계동,2920
서울특별시,종로구,원서동,2719
서울특별시,종로구,묘동,0
서울특별시,종로구,봉익동,2650
서울특별시,종로구,돈의동,3332
서울특별시,종로구,장사동,0
서울특별시,종로구,관수동,0
서울특별시,종로구,종로3가,0
서울특별시,종로구,인의동,2235
서울특별시,종로구,예지동,0
서울특별시,종로구,원남동,2177
서울특별시,종로구,연지동,2256
서울특별시,종로구,종로4가,0
서울특별시,종로구,효제동,2843
서울특별시,종로구,종로5가,4610
서울특별시,종로구,종로6가,2830
서울특별시,종로구,이화동,2303
서울특별시,종로구,연건동,2440
서울특별시,종로구,충신동,2428
서울특별시,종로구,동숭동,2519
서울특별시,종로구,혜화동,2370
서울특별시,종로구,명륜1가,2317
서울특별시,종로구,명륜2가,2458
서울특별시,종로구,명륜4가,3148
서울특별시,종로구,명륜3가,1822
서울특별시,종로구,창신동,2397
서울특별시,종로구,숭인동,2453
서울특별시,종로구,교남동,4750
서울특별시,종로구,평동,3918
서울특별시,종로구,송월동,3806
서울특별시,종로구,홍파동,3406
서울특별시,종로구,교북동,4060
서울특별시,종로구,행촌동,2148
서울특별시,종로구,구기동,1570
서울특별시,종로구,평창동,1833
서울특별시,종로구,부암동,1412
서울특별시,종로구,홍지동,1485
서울특별시,종로구,신영동,1615
서울특별시,종로구,무악동,2846
서울특별시,중구,무교동,0
서울특별시,중구,다동,0
서울특별시,중구,태평로1가,0
서울특별시,중구,을지로1가,0
서울특별시,중구,을지로2가,0
서울특별시,중구,남대문로1가,0
서울특별시,중구,삼각동,0
서울특별시,중구,수하동,0
서울특별시,중구,장교동,0
서울특별시,중구,수표동,0
서울특별시,중구,소공동,0
서울특별시,중구,남창동,1944
서울특별시,중구,북창동,0
서울특별시,중구,태평로2가,0
서울특별시,중구,남대문로2가,0
서울특별시,중구,남대문로3가,0
서울특별시,중구,남대문로4가,0
서울특별시,중구,남대문로5가,0
서울특별시,중구,봉래동1가,0
서울특별시,중구,회현동1가,2203
서울특별시,중구,회현동2가,1947
서울특별시,중구,회현동3가,1960
서울특별시,중구,충무로1가,0
서울특별시,중구,충무로2가,0
서울특별시,중구,명동1가,0
서울특별시,중구,명동2가,0
서울특별시,중구,남산동1가,2230
서울특별시,중구,남산동2가,1762
서울특별시,중구,남산동3가,1850
서울특별시,중구,저동1가,0
서울특별시,중구,충무로4가,0
서울특별시,중구,충무로5가,0
서울특별시,중구,인현동2가,0
서울특별시,중구,예관동,0
서울특별시,중구,묵정동,2947
서울특별시,중구,필동1가,3325
서울특별시,중구,필동2가,3041
서울특별시,중구,필동3가,2812
서울특별시,중구,남학동,0
서울특별시,중구,주자동,0
서울특별시,중구,예장동,2461
서울특별시,중구,장충동1가,2725
서울특별시,중구,장충동2가,2546
서울특별시,중구,광희동1가,0
서울특별시,중구,광희동2가,2533
서울특별시,중구,쌍림동,2218
서울특별시,중구,을지로6가,0
서울특별시,중구,을지로7가,3333
서울특별시,중구,을지로4가,0
서울특별시,중구,을지로5가,0
서울특별시,중구,주교동,0
서울특별시,중구,방산동,0
서울특별시,중구,오장동,0
서울특별시,중구,을지로3가,0
서울특별시,중구,입정동,0
서울특별시,중구,산림동,0
서울특별시,중구,충무로3가,0
서울특별시,중구,초동,0
서울특별시,중구,인현동1가,0
서울특별시,중구,저동2가,0
서울특별시,중구,신당동,2331
서울특별시,중구,흥인동,3400
서울특별시,중구,무학동,4280
서울특별시,중구,황학동,3123
서울특별시,중구,서소문동,0
서울특별시,중구,정동,0
서울특별시,중구,순화동,0
서울특별시,중구,의주로1가,0
서울특별시,중구,충정로1가,0
서울특별시,중구,중림동,2446
서울특별시,중구,의주로2가,0
서울특별시,중구,만리동1가,2684
서울특별시,중구,만리동2가,2485
서울특별시,용산구,후암동,2446
서울특별시,용산구,용산동2가,2338
서울특별시,용산구,갈월동,2921
서울특별시,용산구,남영동,3140
서울특별시,용산구,동자동,3428
서울특별시,용산구,서계동,2568
서울특별시,용산구,청파동1가,2378
서울특별시,용산구,청파동2가,2552
서울특별시,용산구,청파동3가,2595
서울특별시,용산구,원효로1가,2915
서울특별시,용산구,원효로2가,2528
서울특별시,용산구,신창동,2536
서울특별시,용산구,산천동,3038
서울특별시,용산구,청암동,2615
서울특별시,용산구,원효로3가,2943
서울특별시,용산구,원효로4가,2751
서울특별시,용산구,효창동,2764
서울특별시,용산구,도원동,4170
서울특별시,용산구,용문동,2844
서울특별시,용산구,문배동,0
서울특별시,용산구,신계동,4083
서울특별시,용산구,한강로1가,5236
서울특별시,용산구,한강로2가,5747
서울특별시,용산구,용산동3가,4293
서울특별시,용산구,용산동5가,0
서울특별시,용산구,한강로3가,6003
서울특별시,용산구,이촌동,10414
서울특별시,용산구,이태원동,3103
서울특별시,용산구,한남동,3615
서울특별시,용산구,동빙고동,4280
서울특별시,용산구,서빙고동,3375
서울특별시,용산구,주성동,4330
서울특별시,용산구,용산동6가,0
서울특별시,용산구,보광동,4267
서울특별시,성동구,상왕십리동,3254
서울특별시,성동구,하왕십리동,2958
서울특별시,성동구,홍익동,3407
서울특별시,성동구,도선동,3094
서울특별시,성동구,마장동,2528
서울특별시,성동구,사근동,2039
서울특별시,성동구,행당동,2712
서울특별시,성동구,응봉동,2318
서울특별시,성동구,금호동1가,2753
서울특별시,성동구,금호동2가,2817
서울특별시,성동구,금호동3가,2607
서울특별시,성동구,금호동4가,2841
서울특별시,성동구,옥수동,2818
서울특별시,성동구,성수동1가,3449
서울특별시,성동구,성수동2가,3381
서울특별시,성동구,송정동,2409
서울특별시,성동구,용답동,2675
서울특별시,광진구,중곡동,2128
서울특별시,광진구,능동,2455
서울특별시,광진구,구의동,2511
서울특별시,광진구,광장동,2748
서울특별시,광진구,자양동,2777
서울특별시,광진구,노유동,0
서울특별시,광진구,화양동,3108
서울특별시,광진구,모진동,0
서울특별시,광진구,군자동,2491
서울특별시,동대문구,신설동,2349
서울특별시,동대문구,용두동,2587
서울특별시,동대문구,제기동,2322
서울특별시,동대문구,전농동,2519
서울특별시,동대문구,답십리동,2697
서울특별시,동대문구,장안동,2409
서울특별시,동대문구,청량리동,2284
서울특별시,동대문구,회기동,2193
서울특별시,동대문구,휘경동,2109
서울특별시,동대문구,이문동,2347
서울특별시,중랑구,면목동,1874
서울특별시,중랑구,상봉동,2068
서울특별시,중랑구,중화동,1903
서울특별시,중랑구,묵동,1822
서울특별시,중랑구,망우동,1846
서울특별시,중랑구,신내동,1784
서울특별시,성북구,성북동,2295
서울특별시,성북구,성북동1가,2449
서울특별시,성북구,돈암동,2281
서울특별시,성북구,동소문동1가,2636
서울특별시,성북구,동소문동2가,2617
서울특별시,성북구,동소문동3가,3085
서울특별시,성북구,동소문동4가,2327
서울특별시,성북구,동소문동5가,3392
서울특별시,성북구,동소문동6가,2501
서울특별시,성북구,동소문동7가,2663
서울특별시,성북구,삼선동1가,2240
서울특별시,성북구,삼선동2가,2520
서울특별시,성북구,삼선동3가,2425
서울특별시,성북구,삼선동4가,2697
서울특별시,성북구,삼선동5가,2698
서울특별시,성북구,동선동1가,2907
서울특별시,성북구,동선동2가,2926
서울특별시,성북구,동선동3가,2727
서울특별시,성북구,동선동4가,2627
서울특별시,성북구,동선동5가,2383
서울특별시,성북구,안암동1가,2379
서울특별시,성북구,안암동2가,2411
서울특별시,성북구,안암동3가,2254
서울특별시,성북구,안암동4가,2847
서울특별시,성북구,안암동5가,2552
서울특별시,성북구,보문동4가,2889
서울특별시,성북구,보문동5가,2458
서울특별시,성북구,보문동6가,2192
서울특별시,성북구,보문동7가,2611
서울특별시,성북구,보문동1가,2732
서울특별시,성북구,보문동2가,2580
서울특별시,성북구,보문동3가,2680
서울특별시,성북구,정릉동,1869
서울특별시,성북구,길음동,2469
서울특별시,성북구,종암동,2080
서울특별시,성북구,하월곡동,2377
서울특별시,성북구,상월곡동,2200
서울특별시,성북구,장위동,2466
서울특별시,성북구,석관동,2153
서울특별시,강북구,미아동,1866
서울특별시,강북구,번동,1693
서울특별시,강북구,수유동,1579
서울특별시,강북구,우이동,1484
서울특별시,도봉구,쌍문동,1547
서울특별시,도봉구,방학동,1767
서울특별시,도봉구,창동,1812
서울특별시,도봉구,도봉동,1827
서울특별시,노원구,월계동,1719
서울특별시,노원구,공릉동,1803
서울특별시,노원구,하계동,1672
서울특별시,노원구,상계동,1997
서울특별시,노원구,중계동,1708
서울특별시,은평구,수색동,2260
서울특별시,은평구,녹번동,1923
서울특별시,은평구,불광동,1949
서울특별시,은평구,갈현동,1859
서울특별시,은평구,구산동,1870
서울특별시,은평구,대조동,2258
서울특별시,은평구,응암동,1992
서울특별시,은평구,역촌동,2034
서울특별시,은평구,신사동,1868
서울특별시,은평구,증산동,2354
서울특별시,은평구,진관내동,1958
서울특별시,은평구,구파발동,0
서울특별시,은평구,진관외동,0
서울특별시,서대문구,충정로2가,3216
서울특별시,서대문구,충정로3가,2557
서울특별시,서대문구,합동,2730
서울특별시,서대문구,미근동,2927
서울특별시,서대문구,냉천동,3133
서울특별시,서대문구,천연동,2545
서울특별시,서대문구,옥천동,2706
서울특별시,서대문구,영천동,2718
서울특별시,서대문구,현저동,1710
서울특별시,서대문구,북아현동,2509
서울특별시,서대문구,홍제동,2103
서울특별시,서대문구,대현동,3076
서울특별시,서대문구,대신동,2622
서울특별시,서대문구,신촌동,2013
서울특별시,서대문구,봉원동,1655
서울특별시,서대문구,창천동,2556
서울특별시,서대문구,연희동,1921
서울특별시,서대문구,홍은동,1721
서울특별시,서대문구,북가좌동,2098
서울특별시,서대문구,남가좌동,2138
서울특별시,마포구,아현동,3141
서울특별시,마포구,공덕동,2718
서울특별시,마포구,신공덕동,2378
서울특별시,마포구,도화동,2679
서울특별시,마포구,용강동,2442
서울특별시,마포구,토정동,2770
서울특별시,마포구,마포동,2799
서울특별시,마포구,대흥동,2653
서울특별시,마포구,염리동,3180
서울특별시,마포구,노고산동,3040
서울특별시,마포구,신수동,2461
서울특별시,마포구,현석동,2396
서울특별시,마포구,구수동,2287
서울특별시,마포구,창전동,2487
서울특별시,마포구,상수동,2794
서울특별시,마포구,하중동,3270
서울특별시,마포구,신정동,2518
서울특별시,마포구,당인동,2771
서울특별시,마포구,서교동,2949
서울특별시,마포구,동교동,3063
서울특별시,마포구,합정동,2703
서울특별시,마포구,망원동,2626
서울특별시,마포구,연남동,2433
서울특별시,마포구,성산동,2411
서울특별시,마포구,중동,2356
서울특별시,마포구,상암동,2965
서울특별시,양천구,목동,2246
서울특별시,양천구,신월동,1920
서울특별시,강서구,염창동,2843
서울특별시,강서구,등촌동,1910
서울특별시,강서구,화곡동,1862
서울특별시,강서구,가양동,2244
서울특별시,강서구,마곡동,2280
서울특별시,강서구,내발산동,2040
서울특별시,강서구,외발산동,1897
서울특별시,강서구,공항동,2111
서울특별시,강서구,방화동,2226
서울특별시,강서구,개화동,1625
서울특별시,강서구,과해동,0
서울특별시,강서구,오곡동,389
서울특별시,강서구,오쇠동,0
서울특별시,구로구,신도림동,2887
서울특별시,구로구,구로동,2094
서울특별시,구로구,가리봉동,3075
서울특별시,구로구,고척동,1763
서울특별시,구로구,개봉동,2008
서울특별시,구로구,오류동,1841
서울특별시,구로구,궁동,1757
서울특별시,구로구,온수동,1816
서울특별시,구로구,천왕동,1585
서울특별시,구로구,항동,1846
서울특별시,금천구,가산동,1805
서울특별시,금천구,독산동,1768
서울특별시,금천구,시흥동,1780
서울특별시,영등포구,영등포동,2063
서울특별시,영등포구,영등포동1가,2385
서울특별시,영등포구,영등포동2가,2615
서울특별시,영등포구,영등포동3가, - 
서울특별시,영등포구,영등포동4가,3610
서울특별시,영등포구,영등포동5가,2610
서울특별시,영등포구,영등포동6가,2490
서울특별시,영등포구,영등포동7가,2718
서울특별시,영등포구,영등포동8가,2297
서울특별시,영등포구,여의도동,5150
서울특별시,영등포구,당산동1가,2601
서울특별시,영등포구,당산동2가,2638
서울특별시,영등포구,당산동3가,2957
서울특별시,영등포구,당산동4가,2883
서울특별시,영등포구,당산동5가,2755
서울특별시,영등포구,당산동6가,2309
서울특별시,영등포구,당산동,2120
서울특별시,영등포구,도림동,2032
서울특별시,영등포구,문래동1가,2180
서울특별시,영등포구,문래동2가,0
서울특별시,영등포구,문래동3가,2608
서울특별시,영등포구,문래동4가,0
서울특별시,영등포구,문래동5가,0
서울특별시,영등포구,문래동6가,0
서울특별시,영등포구,양평동1가,2792
서울특별시,영등포구,양평동2가,2828
서울특별시,영등포구,양평동3가,2400
서울특별시,영등포구,양평동4가,2569
서울특별시,영등포구,양평동5가,2375
서울특별시,영등포구,양평동6가,2063
서울특별시,영등포구,신길동,2623
서울특별시,영등포구,대림동,1945
서울특별시,동작구,노량진동,3157
서울특별시,동작구,상도동,2078
서울특별시,동작구,상도1동,2402
서울특별시,동작구,본동,2367
서울특별시,동작구,흑석동,2999
서울특별시,동작구,동작동,2356
서울특별시,동작구,사당동,2491
서울특별시,동작구,대방동,2372
서울특별시,동작구,신대방동,2103
서울특별시,관악구,봉천동,2290
서울특별시,관악구,신림동,2466
서울특별시,관악구,남현동,2664
서울특별시,서초구,방배동,4073
서울특별시,서초구,양재동,3946
서울특별시,서초구,우면동,3022
서울특별시,서초구,원지동,2403
서울특별시,서초구,잠원동,4115
서울특별시,서초구,반포동,3973
서울특별시,서초구,서초동,4768
서울특별시,서초구,내곡동,2219
서울특별시,서초구,염곡동,2562
서울특별시,서초구,신원동,2718
서울특별시,강남구,역삼동,4416
서울특별시,강남구,포이동,0
서울특별시,강남구,개포동,3786
서울특별시,강남구,청담동,5231
서울특별시,강남구,삼성동,4612
서울특별시,강남구,대치동,4714
서울특별시,강남구,논현동,4233
서울특별시,강남구,압구정동,9630
서울특별시,강남구,세곡동,2331
서울특별시,강남구,자곡동,2488
서울특별시,강남구,율현동,2484
서울특별시,강남구,일원동,3932
서울특별시,강남구,수서동,3600
서울특별시,강남구,도곡동,4619
서울특별시,송파구,잠실동,4938
서울특별시,송파구,신천동,7900
서울특별시,송파구,풍납동,2587
서울특별시,송파구,송파동,3730
서울특별시,송파구,석촌동,4193
서울특별시,송파구,삼전동,4180
서울특별시,송파구,가락동,3564
서울특별시,송파구,문정동,3287
서울특별시,송파구,장지동,3105
서울특별시,송파구,방이동,4019
서울특별시,송파구,오금동,3273
서울특별시,송파구,거여동,3306
서울특별시,송파구,마천동,3237
서울특별시,강동구,명일동,3148
서울특별시,강동구,고덕동,3421
서울특별시,강동구,상일동,3492
서울특별시,강동구,하일동,0
서울특별시,강동구,길동,2811
서울특별시,강동구,둔촌동,2817
서울특별시,강동구,암사동,2604
서울특별시,강동구,성내동,3060
서울특별시,강동구,천호동,2881
서울특별시,종로구,청운동,2520
서울특별시,종로구,신교동,2343
서울특별시,종로구,궁정동,3000
서울특별시,종로구,효자동,2649
서울특별시,종로구,창성동,2759
서울특별시,종로구,통의동,2894
서울특별시,종로구,적선동,0
서울특별시,종로구,통인동,2895
서울특별시,종로구,누상동,2554
서울특별시,종로구,누하동,2928
서울특별시,종로구,옥인동,2812
서울특별시,종로구,체부동,2999
서울특별시,종로구,필운동,2806
서울특별시,종로구,내자동,4927
서울특별시,종로구,사직동,2933
서울특별시,종로구,도렴동,0
서울특별시,종로구,당주동,0
서울특별시,종로구,내수동,5080
서울특별시,종로구,세종로,0
서울특별시,종로구,신문로1가,0
서울특별시,종로구,신문로2가,3058
서울특별시,종로구,청진동,0
서울특별시,종로구,서린동,0
서울특별시,종로구,수송동,0
서울특별시,종로구,중학동,0
서울특별시,종로구,종로1가,0
서울특별시,종로구,공평동,0
서울특별시,종로구,관훈동,0
서울특별시,종로구,견지동,0
서울특별시,종로구,와룡동,2498
서울특별시,종로구,권농동,2234
서울특별시,종로구,운니동,2755
서울특별시,종로구,익선동,3528
서울특별시,종로구,경운동,3190
서울특별시,종로구,관철동,0
서울특별시,종로구,인사동,0
서울특별시,종로구,낙원동,3110
서울특별시,종로구,종로2가,0
서울특별시,종로구,팔판동,3670
서울특별시,종로구,삼청동,2982
서울특별시,종로구,안국동,3734
서울특별시,종로구,소격동,3838
서울특별시,종로구,화동,3299
서울특별시,종로구,사간동,3316
서울특별시,종로구,송현동,0
서울특별시,종로구,가회동,3402
서울특별시,종로구,재동,2905
서울특별시,종로구,계동,2771
서울특별시,종로구,원서동,2880
서울특별시,종로구,묘동,0
서울특별시,종로구,봉익동,2710
서울특별시,종로구,돈의동,3250
서울특별시,종로구,장사동,0
서울특별시,종로구,관수동,0
서울특별시,종로구,종로3가,0
서울특별시,종로구,인의동,2340
서울특별시,종로구,예지동,0
서울특별시,종로구,원남동,2191
서울특별시,종로구,연지동,2182
서울특별시,종로구,종로4가,0
서울특별시,종로구,효제동,2305
서울특별시,종로구,종로5가,4740
서울특별시,종로구,종로6가,2916
서울특별시,종로구,이화동,2213
서울특별시,종로구,연건동,2288
서울특별시,종로구,충신동,2402
서울특별시,종로구,동숭동,2277
서울특별시,종로구,혜화동,2471
서울특별시,종로구,명륜1가,2418
서울특별시,종로구,명륜2가,2551
서울특별시,종로구,명륜4가,2834
서울특별시,종로구,명륜3가,1725
서울특별시,종로구,창신동,2323
서울특별시,종로구,숭인동,2358
서울특별시,종로구,교남동,0
서울특별시,종로구,평동,3813
서울특별시,종로구,송월동,3504
서울특별시,종로구,홍파동,3350
서울특별시,종로구,교북동,4420
서울특별시,종로구,행촌동,0
서울특별시,종로구,구기동,1632
서울특별시,종로구,평창동,1900
서울특별시,종로구,부암동,1518
서울특별시,종로구,홍지동,1465
서울특별시,종로구,신영동,1695
서울특별시,종로구,무악동,2519
서울특별시,중구,무교동,0
서울특별시,중구,다동,0
서울특별시,중구,태평로1가,0
서울특별시,중구,을지로1가,0
서울특별시,중구,을지로2가,0
서울특별시,중구,남대문로1가,0
서울특별시,중구,삼각동,0
서울특별시,중구,수하동,0
서울특별시,중구,장교동,0
서울특별시,중구,수표동,0
서울특별시,중구,소공동,0
서울특별시,중구,남창동,1881
서울특별시,중구,북창동,0
서울특별시,중구,태평로2가,0
서울특별시,중구,남대문로2가,0
서울특별시,중구,남대문로3가,0
서울특별시,중구,남대문로4가,0
서울특별시,중구,남대문로5가,0
서울특별시,중구,봉래동1가,0
서울특별시,중구,회현동1가,2033
서울특별시,중구,회현동2가,2042
서울특별시,중구,회현동3가,2050
서울특별시,중구,충무로1가,0
서울특별시,중구,충무로2가,0
서울특별시,중구,명동1가,0
서울특별시,중구,명동2가,0
서울특별시,중구,남산동1가,0
서울특별시,중구,남산동2가,1848
서울특별시,중구,남산동3가,1970
서울특별시,중구,저동1가,0
서울특별시,중구,충무로4가,0
서울특별시,중구,충무로5가,0
서울특별시,중구,인현동2가,0
서울특별시,중구,예관동,0
서울특별시,중구,묵정동,2340
서울특별시,중구,필동1가,0
서울특별시,중구,필동2가,3203
서울특별시,중구,필동3가,2926
서울특별시,중구,남학동,0
서울특별시,중구,주자동,0
서울특별시,중구,예장동,2508
서울특별시,중구,장충동1가,2863
서울특별시,중구,장충동2가,2573
서울특별시,중구,광희동1가,0
서울특별시,중구,광희동2가,2374
서울특별시,중구,쌍림동,2331
서울특별시,중구,을지로6가,0
서울특별시,중구,을지로7가,3327
서울특별시,중구,을지로4가,0
서울특별시,중구,을지로5가,0
서울특별시,중구,주교동,0
서울특별시,중구,방산동,0
서울특별시,중구,오장동,0
서울특별시,중구,을지로3가,0
서울특별시,중구,입정동,0
서울특별시,중구,산림동,0
서울특별시,중구,충무로3가,0
서울특별시,중구,초동,0
서울특별시,중구,인현동1가,0
서울특별시,중구,저동2가,0
서울특별시,중구,신당동,0
서울특별시,중구,흥인동,0
서울특별시,중구,무학동,0
서울특별시,중구,황학동,2665
서울특별시,중구,서소문동,0
서울특별시,중구,정동,0
서울특별시,중구,순화동,0
서울특별시,중구,의주로1가,0
서울특별시,중구,충정로1가,0
서울특별시,중구,중림동,2421
서울특별시,중구,의주로2가,0
서울특별시,중구,만리동1가,2347
서울특별시,중구,만리동2가,2504
서울특별시,용산구,후암동,2658
서울특별시,용산구,용산동2가,2445
서울특별시,용산구,갈월동,3153
서울특별시,용산구,남영동,3775
서울특별시,용산구,동자동,3388
서울특별시,용산구,서계동,2893
서울특별시,용산구,청파동1가,2532
서울특별시,용산구,청파동2가,2696
서울특별시,용산구,청파동3가,2668
서울특별시,용산구,원효로1가,2759
서울특별시,용산구,원효로2가,2631
서울특별시,용산구,신창동,2440
서울특별시,용산구,산천동,2925
서울특별시,용산구,청암동,2500
서울특별시,용산구,원효로3가,2424
서울특별시,용산구,원효로4가,2466
서울특별시,용산구,효창동,2845
서울특별시,용산구,도원동,0
서울특별시,용산구,용문동,2699
서울특별시,용산구,문배동,0
서울특별시,용산구,신계동,3610
서울특별시,용산구,한강로1가,6043
서울특별시,용산구,한강로2가,6157
서울특별시,용산구,용산동3가,4620
서울특별시,용산구,용산동5가,0
서울특별시,용산구,한강로3가,5856
서울특별시,용산구,이촌동,10070
서울특별시,용산구,이태원동,3390
서울특별시,용산구,한남동,3933
서울특별시,용산구,동빙고동,4635
서울특별시,용산구,서빙고동,3543
서울특별시,용산구,주성동,4697
서울특별시,용산구,용산동6가,0
서울특별시,용산구,보광동,4590
서울특별시,성동구,상왕십리동,3243
서울특별시,성동구,하왕십리동,2639
서울특별시,성동구,홍익동,2936
서울특별시,성동구,도선동,2764
서울특별시,성동구,마장동,2475
서울특별시,성동구,사근동,2013
서울특별시,성동구,행당동,2662
서울특별시,성동구,응봉동,2343
서울특별시,성동구,금호동1가,2373
서울특별시,성동구,금호동2가,2773
서울특별시,성동구,금호동3가,2543
서울특별시,성동구,금호동4가,2932
서울특별시,성동구,옥수동,2669
서울특별시,성동구,성수동1가,3400
서울특별시,성동구,성수동2가,3405
서울특별시,성동구,송정동,2333
서울특별시,성동구,용답동,2444
서울특별시,광진구,중곡동,1959
서울특별시,광진구,능동,2403
서울특별시,광진구,구의동,2431
서울특별시,광진구,광장동,2835
서울특별시,광진구,자양동,2549
서울특별시,광진구,노유동,0
서울특별시,광진구,화양동,2810
서울특별시,광진구,모진동,0
서울특별시,광진구,군자동,2427
서울특별시,동대문구,신설동,2308
서울특별시,동대문구,용두동,2579
서울특별시,동대문구,제기동,2073
서울특별시,동대문구,전농동,2359
서울특별시,동대문구,답십리동,2416
서울특별시,동대문구,장안동,2214
서울특별시,동대문구,청량리동,2219
서울특별시,동대문구,회기동,2090
서울특별시,동대문구,휘경동,2100
서울특별시,동대문구,이문동,2312
서울특별시,중랑구,면목동,1717
서울특별시,중랑구,상봉동,2012
서울특별시,중랑구,중화동,1859
서울특별시,중랑구,묵동,1807
서울특별시,중랑구,망우동,1717
서울특별시,중랑구,신내동,1669
서울특별시,성북구,성북동,2337
서울특별시,성북구,성북동1가,2419
서울특별시,성북구,돈암동,1983
서울특별시,성북구,동소문동1가,2302
서울특별시,성북구,동소문동2가,2584
서울특별시,성북구,동소문동3가,3123
서울특별시,성북구,동소문동4가,2353
서울특별시,성북구,동소문동5가,2620
서울특별시,성북구,동소문동6가,2505
서울특별시,성북구,동소문동7가,2607
서울특별시,성북구,삼선동1가,2174
서울특별시,성북구,삼선동2가,2385
서울특별시,성북구,삼선동3가,2468
서울특별시,성북구,삼선동4가,2694
서울특별시,성북구,삼선동5가,2591
서울특별시,성북구,동선동1가,2717
서울특별시,성북구,동선동2가,2540
서울특별시,성북구,동선동3가,2685
서울특별시,성북구,동선동4가,2636
서울특별시,성북구,동선동5가,2253
서울특별시,성북구,안암동1가,2267
서울특별시,성북구,안암동2가,2243
서울특별시,성북구,안암동3가,2165
서울특별시,성북구,안암동4가,2848
서울특별시,성북구,안암동5가,2426
서울특별시,성북구,보문동4가,2622
서울특별시,성북구,보문동5가,2326
서울특별시,성북구,보문동6가,2182
서울특별시,성북구,보문동7가,2403
서울특별시,성북구,보문동1가,2419
서울특별시,성북구,보문동2가,2661
서울특별시,성북구,보문동3가,2475
서울특별시,성북구,정릉동,1708
서울특별시,성북구,길음동,2385
서울특별시,성북구,종암동,1959
서울특별시,성북구,하월곡동,2214
서울특별시,성북구,상월곡동,2066
서울특별시,성북구,장위동,2324
서울특별시,성북구,석관동,2037
서울특별시,강북구,미아동,1699
서울특별시,강북구,번동,1501
서울특별시,강북구,수유동,1500
서울특별시,강북구,우이동,1469
서울특별시,도봉구,쌍문동,1420
서울특별시,도봉구,방학동,1504
서울특별시,도봉구,창동,1635
서울특별시,도봉구,도봉동,1514
서울특별시,노원구,월계동,1616
서울특별시,노원구,공릉동,1693
서울특별시,노원구,하계동,1585
서울특별시,노원구,상계동,1777
서울특별시,노원구,중계동,1606
서울특별시,은평구,수색동,2292
서울특별시,은평구,녹번동,1932
서울특별시,은평구,불광동,1884
서울특별시,은평구,갈현동,1832
서울특별시,은평구,구산동,1794
서울특별시,은평구,대조동,2108
서울특별시,은평구,응암동,1872
서울특별시,은평구,역촌동,1917
서울특별시,은평구,신사동,1829
서울특별시,은평구,증산동,2370
서울특별시,은평구,진관내동,2052
서울특별시,은평구,구파발동,0
서울특별시,은평구,진관외동,0
서울특별시,서대문구,충정로2가,3023
서울특별시,서대문구,충정로3가,2663
서울특별시,서대문구,합동,2790
서울특별시,서대문구,미근동,2420
서울특별시,서대문구,냉천동,2980
서울특별시,서대문구,천연동,2257
서울특별시,서대문구,옥천동,2317
서울특별시,서대문구,영천동,3410
서울특별시,서대문구,현저동,1740
서울특별시,서대문구,북아현동,2524
서울특별시,서대문구,홍제동,2067
서울특별시,서대문구,대현동,2892
서울특별시,서대문구,대신동,2647
서울특별시,서대문구,신촌동,2088
서울특별시,서대문구,봉원동,1730
서울특별시,서대문구,창천동,2471
서울특별시,서대문구,연희동,1990
서울특별시,서대문구,홍은동,1703
서울특별시,서대문구,북가좌동,2065
서울특별시,서대문구,남가좌동,2102
서울특별시,마포구,아현동,2755
서울특별시,마포구,공덕동,2496
서울특별시,마포구,신공덕동,2319
서울특별시,마포구,도화동,2338
서울특별시,마포구,용강동,2476
서울특별시,마포구,토정동,2350
서울특별시,마포구,마포동,2741
서울특별시,마포구,대흥동,2727
서울특별시,마포구,염리동,3096
서울특별시,마포구,노고산동,2806
서울특별시,마포구,신수동,2438
서울특별시,마포구,현석동,2431
서울특별시,마포구,구수동,2210
서울특별시,마포구,창전동,2276
서울특별시,마포구,상수동,2807
서울특별시,마포구,하중동,0
서울특별시,마포구,신정동,3270
서울특별시,마포구,당인동,2780
서울특별시,마포구,서교동,2907
서울특별시,마포구,동교동,2855
서울특별시,마포구,합정동,2644
서울특별시,마포구,망원동,2442
서울특별시,마포구,연남동,2342
서울특별시,마포구,성산동,2358
서울특별시,마포구,중동,2084
서울특별시,마포구,상암동,3050
서울특별시,양천구,목동,2229
서울특별시,양천구,신월동,1795
서울특별시,강서구,염창동,2684
서울특별시,강서구,등촌동,2211
서울특별시,강서구,화곡동,1749
서울특별시,강서구,가양동,2294
서울특별시,강서구,마곡동,2105
서울특별시,강서구,내발산동,2021
서울특별시,강서구,외발산동,1855
서울특별시,강서구,공항동,2066
서울특별시,강서구,방화동,2188
서울특별시,강서구,개화동,1631
서울특별시,강서구,과해동,0
서울특별시,강서구,오곡동,400
서울특별시,강서구,오쇠동,0
서울특별시,구로구,신도림동,2657
서울특별시,구로구,구로동,2003
서울특별시,구로구,가리봉동,3054
서울특별시,구로구,고척동,1721
서울특별시,구로구,개봉동,1925
서울특별시,구로구,오류동,1676
서울특별시,구로구,궁동,1718
서울특별시,구로구,온수동,1871
서울특별시,구로구,천왕동,2140
서울특별시,구로구,항동,1858
서울특별시,금천구,가산동,1724
서울특별시,금천구,독산동,1730
서울특별시,금천구,시흥동,1753
서울특별시,영등포구,영등포동,2051
서울특별시,영등포구,영등포동1가,2620
서울특별시,영등포구,영등포동2가,2640
서울특별시,영등포구,영등포동3가,0
서울특별시,영등포구,영등포동4가,4000
서울특별시,영등포구,영등포동5가,2585
서울특별시,영등포구,영등포동6가,2000
서울특별시,영등포구,영등포동7가,2712
서울특별시,영등포구,영등포동8가,1985
서울특별시,영등포구,여의도동,5150
서울특별시,영등포구,당산동1가,2485
서울특별시,영등포구,당산동2가,2600
서울특별시,영등포구,당산동3가,2670
서울특별시,영등포구,당산동4가,2496
서울특별시,영등포구,당산동5가,2325
서울특별시,영등포구,당산동6가,2180
서울특별시,영등포구,당산동,2218
서울특별시,영등포구,도림동,1935
서울특별시,영등포구,문래동1가,2280
서울특별시,영등포구,문래동2가,0
서울특별시,영등포구,문래동3가,2366
서울특별시,영등포구,문래동4가,0
서울특별시,영등포구,문래동5가,0
서울특별시,영등포구,문래동6가,0
서울특별시,영등포구,양평동1가,2597
서울특별시,영등포구,양평동2가,2588
서울특별시,영등포구,양평동3가,2387
서울특별시,영등포구,양평동4가,2476
서울특별시,영등포구,양평동5가,2230
서울특별시,영등포구,양평동6가,2075
서울특별시,영등포구,신길동,2466
서울특별시,영등포구,대림동,1669
서울특별시,동작구,노량진동,3091
서울특별시,동작구,상도동,1983
서울특별시,동작구,상도1동,2309
서울특별시,동작구,본동,2184
서울특별시,동작구,흑석동,2883
서울특별시,동작구,동작동,2358
서울특별시,동작구,사당동,2143
서울특별시,동작구,대방동,2224
서울특별시,동작구,신대방동,2000
서울특별시,관악구,봉천동,2192
서울특별시,관악구,신림동,2325
서울특별시,관악구,남현동,2655
서울특별시,서초구,방배동,4068
서울특별시,서초구,양재동,3930
서울특별시,서초구,우면동,3103
서울특별시,서초구,원지동,2487
서울특별시,서초구,잠원동,4032
서울특별시,서초구,반포동,3885
서울특별시,서초구,서초동,4543
서울특별시,서초구,내곡동,2302
서울특별시,서초구,염곡동,2651
서울특별시,서초구,신원동,2645
서울특별시,강남구,역삼동,4218
서울특별시,강남구,포이동,0
서울특별시,강남구,개포동,3749
서울특별시,강남구,청담동,5296
서울특별시,강남구,삼성동,4620
서울특별시,강남구,대치동,4631
서울특별시,강남구,논현동,4153
서울특별시,강남구,압구정동,9970
서울특별시,강남구,세곡동,2270
서울특별시,강남구,자곡동,2569
서울특별시,강남구,율현동,2568
서울특별시,강남구,일원동,3967
서울특별시,강남구,수서동,3407
서울특별시,강남구,도곡동,4421
서울특별시,송파구,잠실동,4582
서울특별시,송파구,신천동,8180
서울특별시,송파구,풍납동,2279
서울특별시,송파구,송파동,3344
서울특별시,송파구,석촌동,3758
서울특별시,송파구,삼전동,3692
서울특별시,송파구,가락동,3460
서울특별시,송파구,문정동,3220
서울특별시,송파구,장지동,3405
서울특별시,송파구,방이동,3666
서울특별시,송파구,오금동,3180
서울특별시,송파구,거여동,3263
서울특별시,송파구,마천동,2944
서울특별시,강동구,명일동,2843
서울특별시,강동구,고덕동,3230
서울특별시,강동구,상일동,3393
서울특별시,강동구,하일동,0
서울특별시,강동구,길동,2521
서울특별시,강동구,둔촌동,2608
서울특별시,강동구,암사동,2265
서울특별시,강동구,성내동,2646
서울특별시,강동구,천호동,2733
서울특별시,종로구,청운동,2572
서울특별시,종로구,신교동,2395
서울특별시,종로구,궁정동,3127
서울특별시,종로구,효자동,0
서울특별시,종로구,창성동,2990
서울특별시,종로구,통의동,2998
서울특별시,종로구,적선동,0
서울특별시,종로구,통인동,2990
서울특별시,종로구,누상동,2725
서울특별시,종로구,누하동,3343
서울특별시,종로구,옥인동,3040
서울특별시,종로구,체부동,3431
서울특별시,종로구,필운동,3465
서울특별시,종로구,내자동,4997
서울특별시,종로구,사직동,2980
서울특별시,종로구,도렴동,0
서울특별시,종로구,당주동,0
서울특별시,종로구,내수동,8195
서울특별시,종로구,세종로,0
서울특별시,종로구,신문로1가,0
서울특별시,종로구,신문로2가,3738
서울특별시,종로구,청진동,0
서울특별시,종로구,서린동,0
서울특별시,종로구,수송동,0
서울특별시,종로구,중학동,0
서울특별시,종로구,종로1가,0
서울특별시,종로구,공평동,0
서울특별시,종로구,관훈동,0
서울특별시,종로구,견지동,0
서울특별시,종로구,와룡동,2548
서울특별시,종로구,권농동,2280
서울특별시,종로구,운니동,2808
서울특별시,종로구,익선동,3615
서울특별시,종로구,경운동,3235
서울특별시,종로구,관철동,0
서울특별시,종로구,인사동,0
서울특별시,종로구,낙원동,3205
서울특별시,종로구,종로2가,0
서울특별시,종로구,팔판동,3998
서울특별시,종로구,삼청동,3133
서울특별시,종로구,안국동,4626
서울특별시,종로구,소격동,4318
서울특별시,종로구,화동,3828
서울특별시,종로구,사간동,3484
서울특별시,종로구,송현동,0
서울특별시,종로구,가회동,3766
서울특별시,종로구,재동,4393
서울특별시,종로구,계동,3275
서울특별시,종로구,원서동,3020
서울특별시,종로구,묘동,0
서울특별시,종로구,봉익동,2720
서울특별시,종로구,돈의동,3458
서울특별시,종로구,장사동,0
서울특별시,종로구,관수동,0
서울특별시,종로구,종로3가,0
서울특별시,종로구,인의동,2390
서울특별시,종로구,예지동,0
서울특별시,종로구,원남동,2325
서울특별시,종로구,연지동,2369
서울특별시,종로구,종로4가,0
서울특별시,종로구,효제동,2987
서울특별시,종로구,종로5가,4790
서울특별시,종로구,종로6가,3016
서울특별시,종로구,이화동,2465
서울특별시,종로구,연건동,2573
서울특별시,종로구,충신동,2591
서울특별시,종로구,동숭동,2679
서울특별시,종로구,혜화동,2542
서울특별시,종로구,명륜1가,2488
서울특별시,종로구,명륜2가,2631
서울특별시,종로구,명륜4가,3356
서울특별시,종로구,명륜3가,1956
서울특별시,종로구,창신동,2548
서울특별시,종로구,숭인동,2607
서울특별시,종로구,교남동,5150
서울특별시,종로구,평동,4290
서울특별시,종로구,송월동,4194
서울특별시,종로구,홍파동,3765
서울특별시,종로구,교북동,4550
서울특별시,종로구,행촌동,2328
서울특별시,종로구,구기동,1728
서울특별시,종로구,평창동,2003
서울특별시,종로구,부암동,1577
서울특별시,종로구,홍지동,1637
서울특별시,종로구,신영동,1777
서울특별시,종로구,무악동,3118
서울특별시,중구,무교동,0
서울특별시,중구,다동,0
서울특별시,중구,태평로1가,0
서울특별시,중구,을지로1가,0
서울특별시,중구,을지로2가,0
서울특별시,중구,남대문로1가,0
서울특별시,중구,삼각동,0
서울특별시,중구,수하동,0
서울특별시,중구,장교동,0
서울특별시,중구,수표동,0
서울특별시,중구,소공동,0
서울특별시,중구,남창동,2229
서울특별시,중구,북창동,0
서울특별시,중구,태평로2가,0
서울특별시,중구,남대문로2가,0
서울특별시,중구,남대문로3가,0
서울특별시,중구,남대문로4가,0
서울특별시,중구,남대문로5가,0
서울특별시,중구,봉래동1가,0
서울특별시,중구,회현동1가,2885
서울특별시,중구,회현동2가,2125
서울특별시,중구,회현동3가,2130
서울특별시,중구,충무로1가,0
서울특별시,중구,충무로2가,0
서울특별시,중구,명동1가,0
서울특별시,중구,명동2가,0
서울특별시,중구,남산동1가,2410
서울특별시,중구,남산동2가,1930
서울특별시,중구,남산동3가,2050
서울특별시,중구,저동1가,0
서울특별시,중구,충무로4가,0
서울특별시,중구,충무로5가,0
서울특별시,중구,인현동2가,0
서울특별시,중구,예관동,0
서울특별시,중구,묵정동,3177
서울특별시,중구,필동1가,3880
서울특별시,중구,필동2가,3689
서울특별시,중구,필동3가,3077
서울특별시,중구,남학동,0
서울특별시,중구,주자동,0
서울특별시,중구,예장동,2676
서울특별시,중구,장충동1가,2989
서울특별시,중구,장충동2가,2732
서울특별시,중구,광희동1가,0
서울특별시,중구,광희동2가,2563
서울특별시,중구,쌍림동,2485
서울특별시,중구,을지로6가,0
서울특별시,중구,을지로7가,3457
서울특별시,중구,을지로4가,0
서울특별시,중구,을지로5가,0
서울특별시,중구,주교동,0
서울특별시,중구,방산동,0
서울특별시,중구,오장동,0
서울특별시,중구,을지로3가,0
서울특별시,중구,입정동,0
서울특별시,중구,산림동,0
서울특별시,중구,충무로3가,0
서울특별시,중구,초동,0
서울특별시,중구,인현동1가,0
서울특별시,중구,저동2가,0
서울특별시,중구,신당동,2570
서울특별시,중구,흥인동,3690
서울특별시,중구,무학동,4650
서울특별시,중구,황학동,3374
서울특별시,중구,서소문동,0
서울특별시,중구,정동,0
서울특별시,중구,순화동,0
서울특별시,중구,의주로1가,0
서울특별시,중구,충정로1가,0
서울특별시,중구,중림동,2700
서울특별시,중구,의주로2가,0
서울특별시,중구,만리동1가,3010
서울특별시,중구,만리동2가,2707
서울특별시,용산구,후암동,2777
서울특별시,용산구,용산동2가,2671
서울특별시,용산구,갈월동,3321
서울특별시,용산구,남영동,3890
서울특별시,용산구,동자동,4564
서울특별시,용산구,서계동,2994
서울특별시,용산구,청파동1가,2720
서울특별시,용산구,청파동2가,2884
서울특별시,용산구,청파동3가,2917
서울특별시,용산구,원효로1가,3566
서울특별시,용산구,원효로2가,3050
서울특별시,용산구,신창동,2867
서울특별시,용산구,산천동,3222
서울특별시,용산구,청암동,2875
서울특별시,용산구,원효로3가,3321
서울특별시,용산구,원효로4가,2778
서울특별시,용산구,효창동,3021
서울특별시,용산구,도원동,4335
서울특별시,용산구,용문동,3309
서울특별시,용산구,문배동,0
서울특별시,용산구,신계동,3977
서울특별시,용산구,한강로1가,6040
서울특별시,용산구,한강로2가,6390
서울특별시,용산구,용산동3가,5477
서울특별시,용산구,용산동5가,11500
서울특별시,용산구,한강로3가,6106
서울특별시,용산구,이촌동,11889
서울특별시,용산구,이태원동,3547
서울특별시,용산구,한남동,4281
서울특별시,용산구,동빙고동,4669
서울특별시,용산구,서빙고동,3615
서울특별시,용산구,주성동,4783
서울특별시,용산구,용산동6가,0
서울특별시,용산구,보광동,4664
서울특별시,성동구,상왕십리동,3286
서울특별시,성동구,하왕십리동,2999
서울특별시,성동구,홍익동,3637
서울특별시,성동구,도선동,3374
서울특별시,성동구,마장동,2754
서울특별시,성동구,사근동,2204
서울특별시,성동구,행당동,3016
서울특별시,성동구,응봉동,2518
서울특별시,성동구,금호동1가,2901
서울특별시,성동구,금호동2가,3045
서울특별시,성동구,금호동3가,2804
서울특별시,성동구,금호동4가,3081
서울특별시,성동구,옥수동,2978
서울특별시,성동구,성수동1가,3641
서울특별시,성동구,성수동2가,3568
서울특별시,성동구,송정동,2589
서울특별시,성동구,용답동,2860
서울특별시,광진구,중곡동,2351
서울특별시,광진구,능동,2698
서울특별시,광진구,구의동,2759
서울특별시,광진구,광장동,3060
서울특별시,광진구,자양동,3041
서울특별시,광진구,노유동,0
서울특별시,광진구,화양동,3427
서울특별시,광진구,모진동,0
서울특별시,광진구,군자동,2750
서울특별시,동대문구,신설동,2548
서울특별시,동대문구,용두동,2758
서울특별시,동대문구,제기동,2382
서울특별시,동대문구,전농동,2603
서울특별시,동대문구,답십리동,2780
서울특별시,동대문구,장안동,2538
서울특별시,동대문구,청량리동,2386
서울특별시,동대문구,회기동,2429
서울특별시,동대문구,휘경동,2297
서울특별시,동대문구,이문동,2489
서울특별시,중랑구,면목동,2001
서울특별시,중랑구,상봉동,2265
서울특별시,중랑구,중화동,2090
서울특별시,중랑구,묵동,2056
서울특별시,중랑구,망우동,1970
서울특별시,중랑구,신내동,1895
서울특별시,성북구,성북동,2476
서울특별시,성북구,성북동1가,2669
서울특별시,성북구,돈암동,2345
서울특별시,성북구,동소문동1가,2819
서울특별시,성북구,동소문동2가,2883
서울특별시,성북구,동소문동3가,3338
서울특별시,성북구,동소문동4가,2533
서울특별시,성북구,동소문동5가,3614
서울특별시,성북구,동소문동6가,2716
서울특별시,성북구,동소문동7가,2881
서울특별시,성북구,삼선동1가,2361
서울특별시,성북구,삼선동2가,2722
서울특별시,성북구,삼선동3가,2650
서울특별시,성북구,삼선동4가,2916
서울특별시,성북구,삼선동5가,2935
서울특별시,성북구,동선동1가,3106
서울특별시,성북구,동선동2가,3182
서울특별시,성북구,동선동3가,2941
서울특별시,성북구,동선동4가,2835
서울특별시,성북구,동선동5가,2539
서울특별시,성북구,안암동1가,2542
서울특별시,성북구,안암동2가,2634
서울특별시,성북구,안암동3가,2403
서울특별시,성북구,안암동4가,3033
서울특별시,성북구,안암동5가,2799
서울특별시,성북구,보문동4가,2924
서울특별시,성북구,보문동5가,2634
서울특별시,성북구,보문동6가,2353
서울특별시,성북구,보문동7가,2740
서울특별시,성북구,보문동1가,2835
서울특별시,성북구,보문동2가,2761
서울특별시,성북구,보문동3가,2437
서울특별시,성북구,정릉동,1982
서울특별시,성북구,길음동,2592
서울특별시,성북구,종암동,2239
서울특별시,성북구,하월곡동,2471
서울특별시,성북구,상월곡동,2339
서울특별시,성북구,장위동,2517
서울특별시,성북구,석관동,2282
서울특별시,강북구,미아동,1991
서울특별시,강북구,번동,1790
서울특별시,강북구,수유동,1673
서울특별시,강북구,우이동,1576
서울특별시,도봉구,쌍문동,1688
서울특별시,도봉구,방학동,1927
서울특별시,도봉구,창동,1942
서울특별시,도봉구,도봉동,1940
서울특별시,노원구,월계동,1844
서울특별시,노원구,공릉동,1942
서울특별시,노원구,하계동,1942
서울특별시,노원구,상계동,2106
서울특별시,노원구,중계동,1817
서울특별시,은평구,수색동,2446
서울특별시,은평구,녹번동,2091
서울특별시,은평구,불광동,2133
서울특별시,은평구,갈현동,2021
서울특별시,은평구,구산동,1985
서울특별시,은평구,대조동,2440
서울특별시,은평구,응암동,2178
서울특별시,은평구,역촌동,2180
서울특별시,은평구,신사동,1985
서울특별시,은평구,증산동,2555
서울특별시,은평구,진관내동,2048
서울특별시,은평구,구파발동,0
서울특별시,은평구,진관외동,0
서울특별시,서대문구,충정로2가,3468
서울특별시,서대문구,충정로3가,2843
서울특별시,서대문구,합동,2890
서울특별시,서대문구,미근동,3167
서울특별시,서대문구,냉천동,3042
서울특별시,서대문구,천연동,2721
서울특별시,서대문구,옥천동,2893
서울특별시,서대문구,영천동,3222
서울특별시,서대문구,현저동,1790
서울특별시,서대문구,북아현동,2729
서울특별시,서대문구,홍제동,2266
서울특별시,서대문구,대현동,3212
서울특별시,서대문구,대신동,2824
서울특별시,서대문구,신촌동,2152
서울특별시,서대문구,봉원동,1785
서울특별시,서대문구,창천동,2736
서울특별시,서대문구,연희동,2109
서울특별시,서대문구,홍은동,1854
서울특별시,서대문구,북가좌동,2218
서울특별시,서대문구,남가좌동,2282
서울특별시,마포구,아현동,3447
서울특별시,마포구,공덕동,3009
서울특별시,마포구,신공덕동,2578
서울특별시,마포구,도화동,2895
서울특별시,마포구,용강동,2807
서울특별시,마포구,토정동,2980
서울특별시,마포구,마포동,3010
서울특별시,마포구,대흥동,3000
서울특별시,마포구,염리동,3485
서울특별시,마포구,노고산동,3296
서울특별시,마포구,신수동,2673
서울특별시,마포구,현석동,2824
서울특별시,마포구,구수동,2440
서울특별시,마포구,창전동,2768
서울특별시,마포구,상수동,3299
서울특별시,마포구,하중동,0
서울특별시,마포구,신정동,3290
서울특별시,마포구,당인동,3224
서울특별시,마포구,서교동,3601
서울특별시,마포구,동교동,3401
서울특별시,마포구,합정동,3151
서울특별시,마포구,망원동,2910
서울특별시,마포구,연남동,2643
서울특별시,마포구,성산동,2603
서울특별시,마포구,중동,2528
서울특별시,마포구,상암동,3609
서울특별시,양천구,목동,2512
서울특별시,양천구,신월동,2048
서울특별시,강서구,염창동,2973
서울특별시,강서구,등촌동,2485
서울특별시,강서구,화곡동,1975
서울특별시,강서구,가양동,2365
서울특별시,강서구,마곡동,2397
서울특별시,강서구,내발산동,2214
서울특별시,강서구,외발산동,1957
서울특별시,강서구,공항동,2226
서울특별시,강서구,방화동,2325
서울특별시,강서구,개화동,1691
서울특별시,강서구,과해동,0
서울특별시,강서구,오곡동,415
서울특별시,강서구,오쇠동,0
서울특별시,구로구,신도림동,3165
서울특별시,구로구,구로동,2266
서울특별시,구로구,가리봉동,3048
서울특별시,구로구,고척동,1936
서울특별시,구로구,개봉동,2187
서울특별시,구로구,오류동,1993
서울특별시,구로구,궁동,1895
서울특별시,구로구,온수동,1963
서울특별시,구로구,천왕동,2208
서울특별시,구로구,항동,1970
서울특별시,금천구,가산동,1992
서울특별시,금천구,독산동,1935
서울특별시,금천구,시흥동,1951
서울특별시,영등포구,영등포동,2279
서울특별시,영등포구,영등포동1가,2883
서울특별시,영등포구,영등포동2가,2745
서울특별시,영등포구,영등포동3가,0
서울특별시,영등포구,영등포동4가,4080
서울특별시,영등포구,영등포동5가,2693
서울특별시,영등포구,영등포동6가,2593
서울특별시,영등포구,영등포동7가,2981
서울특별시,영등포구,영등포동8가,2538
서울특별시,영등포구,여의도동,5300
서울특별시,영등포구,당산동1가,2794
서울특별시,영등포구,당산동2가,2808
서울특별시,영등포구,당산동3가,3145
서울특별시,영등포구,당산동4가,3141
서울특별시,영등포구,당산동5가,2975
서울특별시,영등포구,당산동6가,2471
서울특별시,영등포구,당산동,2303
서울특별시,영등포구,도림동,2167
서울특별시,영등포구,문래동1가,2350
서울특별시,영등포구,문래동2가,0
서울특별시,영등포구,문래동3가,2858
서울특별시,영등포구,문래동4가,0
서울특별시,영등포구,문래동5가,0
서울특별시,영등포구,문래동6가,0
서울특별시,영등포구,양평동1가,2898
서울특별시,영등포구,양평동2가,3028
서울특별시,영등포구,양평동3가,2584
서울특별시,영등포구,양평동4가,3029
서울특별시,영등포구,양평동5가,2655
서울특별시,영등포구,양평동6가,2323
서울특별시,영등포구,신길동,2691
서울특별시,영등포구,대림동,2125
서울특별시,동작구,노량진동,3428
서울특별시,동작구,상도동,2264
서울특별시,동작구,상도1동,2605
서울특별시,동작구,본동,2515
서울특별시,동작구,흑석동,3291
서울특별시,동작구,동작동,2576
서울특별시,동작구,사당동,2666
서울특별시,동작구,대방동,2575
서울특별시,동작구,신대방동,2295
서울특별시,관악구,봉천동,2480
서울특별시,관악구,신림동,2674
서울특별시,관악구,남현동,2897
서울특별시,서초구,방배동,4383
서울특별시,서초구,양재동,4212
서울특별시,서초구,우면동,3240
서울특별시,서초구,원지동,2572
서울특별시,서초구,잠원동,4371
서울특별시,서초구,반포동,4210
서울특별시,서초구,서초동,4632
서울특별시,서초구,내곡동,2441
서울특별시,서초구,염곡동,2770
서울특별시,서초구,신원동,2939
서울특별시,강남구,역삼동,4707
서울특별시,강남구,포이동,0
서울특별시,강남구,개포동,3968
서울특별시,강남구,청담동,5647
서울특별시,강남구,삼성동,4958
서울특별시,강남구,대치동,4984
서울특별시,강남구,논현동,4582
서울특별시,강남구,압구정동,9970
서울특별시,강남구,세곡동,2259
서울특별시,강남구,자곡동,2653
서울특별시,강남구,율현동,2523
서울특별시,강남구,일원동,4089
서울특별시,강남구,수서동,3031
서울특별시,강남구,도곡동,4834
서울특별시,송파구,잠실동,5290
서울특별시,송파구,신천동,8320
서울특별시,송파구,풍납동,2783
서울특별시,송파구,송파동,3996
서울특별시,송파구,석촌동,4493
서울특별시,송파구,삼전동,4478
서울특별시,송파구,가락동,3785
서울특별시,송파구,문정동,3498
서울특별시,송파구,장지동,3488
서울특별시,송파구,방이동,4300
서울특별시,송파구,오금동,3482
서울특별시,송파구,거여동,3524
서울특별시,송파구,마천동,3419
서울특별시,강동구,명일동,3443
서울특별시,강동구,고덕동,3687
서울특별시,강동구,상일동,3735
서울특별시,강동구,하일동,0
서울특별시,강동구,길동,2993
서울특별시,강동구,둔촌동,3012
서울특별시,강동구,암사동,2780
서울특별시,강동구,성내동,3277
서울특별시,강동구,천호동,3177
서울특별시,종로구,청운동,2587
서울특별시,종로구,신교동,2533
서울특별시,종로구,궁정동,3145
서울특별시,종로구,효자동,2848
서울특별시,종로구,창성동,2943
서울특별시,종로구,통의동,3106
서울특별시,종로구,적선동,0
서울특별시,종로구,통인동,3055
서울특별시,종로구,누상동,2667
서울특별시,종로구,누하동,3069
서울특별시,종로구,옥인동,2966
서울특별시,종로구,체부동,3156
서울특별시,종로구,필운동,2946
서울특별시,종로구,내자동,5117
서울특별시,종로구,사직동,3065
서울특별시,종로구,도렴동,0
서울특별시,종로구,당주동,0
서울특별시,종로구,내수동,5350
서울특별시,종로구,세종로,0
서울특별시,종로구,신문로1가,0
서울특별시,종로구,신문로2가,3115
서울특별시,종로구,청진동,0
서울특별시,종로구,서린동,0
서울특별시,종로구,수송동,0
서울특별시,종로구,중학동,0
서울특별시,종로구,종로1가,0
서울특별시,종로구,공평동,0
서울특별시,종로구,관훈동,0
서울특별시,종로구,견지동,0
서울특별시,종로구,와룡동,2588
서울특별시,종로구,권농동,2311
서울특별시,종로구,운니동,2850
서울특별시,종로구,익선동,3653
서울특별시,종로구,경운동,3285
서울특별시,종로구,관철동,0
서울특별시,종로구,인사동,0
서울특별시,종로구,낙원동,3250
서울특별시,종로구,종로2가,0
서울특별시,종로구,팔판동,4198
서울특별시,종로구,삼청동,3289
서울특별시,종로구,안국동,4084
서울특별시,종로구,소격동,4089
서울특별시,종로구,화동,3776
서울특별시,종로구,사간동,3630
서울특별시,종로구,송현동,4170
서울특별시,종로구,가회동,3737
서울특별시,종로구,재동,4337
서울특별시,종로구,계동,2999
서울특별시,종로구,원서동,3115
서울특별시,종로구,묘동,0
서울특별시,종로구,봉익동,2750
서울특별시,종로구,돈의동,3490
서울특별시,종로구,장사동,0
서울특별시,종로구,관수동,0
서울특별시,종로구,종로3가,0
서울특별시,종로구,인의동,2425
서울특별시,종로구,예지동,0
서울특별시,종로구,원남동,2361
서울특별시,종로구,연지동,2410
서울특별시,종로구,종로4가,0
서울특별시,종로구,효제동,2385
서울특별시,종로구,종로5가,4810
서울특별시,종로구,종로6가,3106
서울특별시,종로구,이화동,2405
서울특별시,종로구,연건동,2363
서울특별시,종로구,충신동,2517
서울특별시,종로구,동숭동,2406
서울특별시,종로구,혜화동,2641
서울특별시,종로구,명륜1가,2587
서울특별시,종로구,명륜2가,2739
서울특별시,종로구,명륜4가,3030
서울특별시,종로구,명륜3가,1830
서울특별시,종로구,창신동,2389
서울특별시,종로구,숭인동,2445
서울특별시,종로구,교남동,0
서울특별시,종로구,평동,3970
서울특별시,종로구,송월동,3672
서울특별시,종로구,홍파동,3511
서울특별시,종로구,교북동,4640
서울특별시,종로구,행촌동,2216
서울특별시,종로구,구기동,1713
서울특별시,종로구,평창동,1992
서울특별시,종로구,부암동,1564
서울특별시,종로구,홍지동,1583
서울특별시,종로구,신영동,1816
서울특별시,종로구,무악동,2639
서울특별시,중구,무교동,0
서울특별시,중구,다동,0
서울특별시,중구,태평로1가,0
서울특별시,중구,을지로1가,0
서울특별시,중구,을지로2가,0
서울특별시,중구,남대문로1가,0
서울특별시,중구,삼각동,0
서울특별시,중구,수하동,0
서울특별시,중구,장교동,0
서울특별시,중구,수표동,0
서울특별시,중구,소공동,0
서울특별시,중구,남창동,2142
서울특별시,중구,북창동,0
서울특별시,중구,태평로2가,0
서울특별시,중구,남대문로2가,0
서울특별시,중구,남대문로3가,0
서울특별시,중구,남대문로4가,0
서울특별시,중구,남대문로5가,0
서울특별시,중구,봉래동1가,0
서울특별시,중구,회현동1가,2314
서울특별시,중구,회현동2가,2235
서울특별시,중구,회현동3가,2260
서울특별시,중구,충무로1가,0
서울특별시,중구,충무로2가,0
서울특별시,중구,명동1가,0
서울특별시,중구,명동2가,0
서울특별시,중구,남산동1가,2600
서울특별시,중구,남산동2가,2096
서울특별시,중구,남산동3가,2220
서울특별시,중구,저동1가,0
서울특별시,중구,충무로4가,0
서울특별시,중구,충무로5가,0
서울특별시,중구,인현동2가,0
서울특별시,중구,예관동,0
서울특별시,중구,묵정동,2525
서울특별시,중구,필동1가,0
서울특별시,중구,필동2가,3538
서울특별시,중구,필동3가,2633
서울특별시,중구,남학동,0
서울특별시,중구,주자동,0
서울특별시,중구,예장동,2676
서울특별시,중구,장충동1가,3209
서울특별시,중구,장충동2가,2890
서울특별시,중구,광희동1가,0
서울특별시,중구,광희동2가,2686
서울특별시,중구,쌍림동,2646
서울특별시,중구,을지로6가,0
서울특별시,중구,을지로7가,0
서울특별시,중구,을지로4가,0
서울특별시,중구,을지로5가,0
서울특별시,중구,주교동,0
서울특별시,중구,방산동,0
서울특별시,중구,오장동,0
서울특별시,중구,을지로3가,0
서울특별시,중구,입정동,0
서울특별시,중구,산림동,0
서울특별시,중구,충무로3가,0
서울특별시,중구,초동,0
서울특별시,중구,인현동1가,0
서울특별시,중구,저동2가,0
서울특별시,중구,신당동,2418
서울특별시,중구,흥인동,0
서울특별시,중구,무학동,0
서울특별시,중구,황학동,2854
서울특별시,중구,서소문동,0
서울특별시,중구,정동,0
서울특별시,중구,순화동,0
서울특별시,중구,의주로1가,0
서울특별시,중구,충정로1가,0
서울특별시,중구,중림동,2649
서울특별시,중구,의주로2가,0
서울특별시,중구,만리동1가,2980
서울특별시,중구,만리동2가,2627
서울특별시,용산구,후암동,2729
서울특별시,용산구,용산동2가,2625
서울특별시,용산구,갈월동,3207
서울특별시,용산구,남영동,4205
서울특별시,용산구,동자동,3429
서울특별시,용산구,서계동,3116
서울특별시,용산구,청파동1가,2732
서울특별시,용산구,청파동2가,2754
서울특별시,용산구,청파동3가,2862
서울특별시,용산구,원효로1가,2919
서울특별시,용산구,원효로2가,2879
서울특별시,용산구,신창동,2593
서울특별시,용산구,산천동,3063
서울특별시,용산구,청암동,2680
서울특별시,용산구,원효로3가,2617
서울특별시,용산구,원효로4가,2723
서울특별시,용산구,효창동,3026
서울특별시,용산구,도원동,0
서울특별시,용산구,용문동,2848
서울특별시,용산구,문배동,0
서울특별시,용산구,신계동,3660
서울특별시,용산구,한강로1가,6092
서울특별시,용산구,한강로2가,5960
서울특별시,용산구,용산동3가,4735
서울특별시,용산구,용산동5가,0
서울특별시,용산구,한강로3가,5454
서울특별시,용산구,이촌동,7915
서울특별시,용산구,이태원동,3699
서울특별시,용산구,한남동,4398
서울특별시,용산구,동빙고동,4734
서울특별시,용산구,서빙고동,3607
서울특별시,용산구,주성동,4783
서울특별시,용산구,용산동6가,0
서울특별시,용산구,보광동,4575
서울특별시,성동구,상왕십리동,3550
서울특별시,성동구,하왕십리동,2523
서울특별시,성동구,홍익동,2767
서울특별시,성동구,도선동,2983
서울특별시,성동구,마장동,2654
서울특별시,성동구,사근동,2118
서울특별시,성동구,행당동,2794
서울특별시,성동구,응봉동,2421
서울특별시,성동구,금호동1가,2431
서울특별시,성동구,금호동2가,2692
서울특별시,성동구,금호동3가,2617
서울특별시,성동구,금호동4가,3084
서울특별시,성동구,옥수동,2764
서울특별시,성동구,성수동1가,3508
서울특별시,성동구,성수동2가,3476
서울특별시,성동구,송정동,2449
서울특별시,성동구,용답동,2530
서울특별시,광진구,중곡동,2114
서울특별시,광진구,능동,2613
서울특별시,광진구,구의동,2660
서울특별시,광진구,광장동,3054
서울특별시,광진구,자양동,2764
서울특별시,광진구,노유동,0
서울특별시,광진구,화양동,3028
서울특별시,광진구,모진동,0
서울특별시,광진구,군자동,2632
서울특별시,동대문구,신설동,2397
서울특별시,동대문구,용두동,2662
서울특별시,동대문구,제기동,2160
서울특별시,동대문구,전농동,2449
서울특별시,동대문구,답십리동,2517
서울특별시,동대문구,장안동,2331
서울특별시,동대문구,청량리동,2287
서울특별시,동대문구,회기동,2293
서울특별시,동대문구,휘경동,2211
서울특별시,동대문구,이문동,2356
서울특별시,중랑구,면목동,1869
서울특별시,중랑구,상봉동,2171
서울특별시,중랑구,중화동,1985
서울특별시,중랑구,묵동,1930
서울특별시,중랑구,망우동,1851
서울특별시,중랑구,신내동,1798
서울특별시,성북구,성북동,2493
서울특별시,성북구,성북동1가,2461
서울특별시,성북구,돈암동,2229
서울특별시,성북구,동소문동1가,2641
서울특별시,성북구,동소문동2가,2714
서울특별시,성북구,동소문동3가,3195
서울특별시,성북구,동소문동4가,2357
서울특별시,성북구,동소문동5가,2805
서울특별시,성북구,동소문동6가,2546
서울특별시,성북구,동소문동7가,2899
서울특별시,성북구,삼선동1가,2234
서울특별시,성북구,삼선동2가,2476
서울특별시,성북구,삼선동3가,2587
서울특별시,성북구,삼선동4가,2753
서울특별시,성북구,삼선동5가,2698
서울특별시,성북구,동선동1가,3098
서울특별시,성북구,동선동2가,2673
서울특별시,성북구,동선동3가,2778
서울특별시,성북구,동선동4가,2766
서울특별시,성북구,동선동5가,2387
서울특별시,성북구,안암동1가,2479
서울특별시,성북구,안암동2가,2451
서울특별시,성북구,안암동3가,2324
서울특별시,성북구,안암동4가,3312
서울특별시,성북구,안암동5가,2685
서울특별시,성북구,보문동4가,2758
서울특별시,성북구,보문동5가,2458
서울특별시,성북구,보문동6가,2354
서울특별시,성북구,보문동7가,2553
서울특별시,성북구,보문동1가,2513
서울특별시,성북구,보문동2가,2814
서울특별시,성북구,보문동3가,2517
서울특별시,성북구,정릉동,1779
서울특별시,성북구,길음동,2422
서울특별시,성북구,종암동,2071
서울특별시,성북구,하월곡동,2335
서울특별시,성북구,상월곡동,2162
서울특별시,성북구,장위동,2336
서울특별시,성북구,석관동,2146
서울특별시,강북구,미아동,1813
서울특별시,강북구,번동,1592
서울특별시,강북구,수유동,1598
서울특별시,강북구,우이동,1569
서울특별시,도봉구,쌍문동,1579
서울특별시,도봉구,방학동,1701
서울특별시,도봉구,창동,1870
서울특별시,도봉구,도봉동,1675
서울특별시,노원구,월계동,1747
서울특별시,노원구,공릉동,1840
서울특별시,노원구,하계동,1864
서울특별시,노원구,상계동,1875
서울특별시,노원구,중계동,1728
서울특별시,은평구,수색동,2338
서울특별시,은평구,녹번동,2077
서울특별시,은평구,불광동,2038
서울특별시,은평구,갈현동,2023
서울특별시,은평구,구산동,1959
서울특별시,은평구,대조동,2322
서울특별시,은평구,응암동,2073
서울특별시,은평구,역촌동,2076
서울특별시,은평구,신사동,1966
서울특별시,은평구,증산동,2442
서울특별시,은평구,진관내동,2157
서울특별시,은평구,구파발동,0
서울특별시,은평구,진관외동,0
서울특별시,서대문구,충정로2가,3213
서울특별시,서대문구,충정로3가,2779
서울특별시,서대문구,합동,3000
서울특별시,서대문구,미근동,2543
서울특별시,서대문구,냉천동,3193
서울특별시,서대문구,천연동,2429
서울특별시,서대문구,옥천동,2495
서울특별시,서대문구,영천동,3118
서울특별시,서대문구,현저동,1830
서울특별시,서대문구,북아현동,2699
서울특별시,서대문구,홍제동,2230
서울특별시,서대문구,대현동,2955
서울특별시,서대문구,대신동,2839
서울특별시,서대문구,신촌동,2230
서울특별시,서대문구,봉원동,1910
서울특별시,서대문구,창천동,2622
서울특별시,서대문구,연희동,2175
서울특별시,서대문구,홍은동,1818
서울특별시,서대문구,북가좌동,2189
서울특별시,서대문구,남가좌동,2224
서울특별시,마포구,아현동,2877
서울특별시,마포구,공덕동,2776
서울특별시,마포구,신공덕동,2628
서울특별시,마포구,도화동,2557
서울특별시,마포구,용강동,2839
서울특별시,마포구,토정동,2600
서울특별시,마포구,마포동,2953
서울특별시,마포구,대흥동,2840
서울특별시,마포구,염리동,3136
서울특별시,마포구,노고산동,2878
서울특별시,마포구,신수동,2632
서울특별시,마포구,현석동,2425
서울특별시,마포구,구수동,2330
서울특별시,마포구,창전동,2579
서울특별시,마포구,상수동,3295
서울특별시,마포구,하중동,0
서울특별시,마포구,신정동,3420
서울특별시,마포구,당인동,3122
서울특별시,마포구,서교동,3462
서울특별시,마포구,동교동,3074
서울특별시,마포구,합정동,3036
서울특별시,마포구,망원동,2564
서울특별시,마포구,연남동,2460
서울특별시,마포구,성산동,2500
서울특별시,마포구,중동,2208
서울특별시,마포구,상암동,3393
서울특별시,양천구,목동,2393
서울특별시,양천구,신월동,1925
서울특별시,강서구,염창동,2835
서울특별시,강서구,등촌동,2349
서울특별시,강서구,화곡동,1866
서울특별시,강서구,가양동,2421
서울특별시,강서구,마곡동,2210
서울특별시,강서구,내발산동,2114
서울특별시,강서구,외발산동,1945
서울특별시,강서구,공항동,2157
서울특별시,강서구,방화동,2297
서울특별시,강서구,개화동,1706
서울특별시,강서구,과해동,0
서울특별시,강서구,오곡동,427
서울특별시,강서구,오쇠동,0
서울특별시,구로구,신도림동,2815
서울특별시,구로구,구로동,2121
서울특별시,구로구,가리봉동,2892
서울특별시,구로구,고척동,1880
서울특별시,구로구,개봉동,2137
서울특별시,구로구,오류동,1843
서울특별시,구로구,궁동,1849
서울특별시,구로구,온수동,2024
서울특별시,구로구,천왕동,2258
서울특별시,구로구,항동,1965
서울특별시,금천구,가산동,1880
서울특별시,금천구,독산동,1881
서울특별시,금천구,시흥동,1875
서울특별시,영등포구,영등포동,2293
서울특별시,영등포구,영등포동1가,3015
서울특별시,영등포구,영등포동2가,2870
서울특별시,영등포구,영등포동3가,0
서울특별시,영등포구,영등포동4가,4280
서울특별시,영등포구,영등포동5가,2615
서울특별시,영등포구,영등포동6가,2120
서울특별시,영등포구,영등포동7가,2915
서울특별시,영등포구,영등포동8가,2170
서울특별시,영등포구,여의도동,5525
서울특별시,영등포구,당산동1가,2642
서울특별시,영등포구,당산동2가,2800
서울특별시,영등포구,당산동3가,2843
서울특별시,영등포구,당산동4가,2665
서울특별시,영등포구,당산동5가,2500
서울특별시,영등포구,당산동6가,2320
서울특별시,영등포구,당산동,2456
서울특별시,영등포구,도림동,2075
서울특별시,영등포구,문래동1가,2400
서울특별시,영등포구,문래동2가,0
서울특별시,영등포구,문래동3가,2546
서울특별시,영등포구,문래동4가,0
서울특별시,영등포구,문래동5가,0
서울특별시,영등포구,문래동6가,3550
서울특별시,영등포구,양평동1가,2695
서울특별시,영등포구,양평동2가,2994
서울특별시,영등포구,양평동3가,2636
서울특별시,영등포구,양평동4가,2922
서울특별시,영등포구,양평동5가,2470
서울특별시,영등포구,양평동6가,2320
서울특별시,영등포구,신길동,2513
서울특별시,영등포구,대림동,1825
서울특별시,동작구,노량진동,3273
서울특별시,동작구,상도동,2176
서울특별시,동작구,상도1동,2460
서울특별시,동작구,본동,2346
서울특별시,동작구,흑석동,3108
서울특별시,동작구,동작동,2567
서울특별시,동작구,사당동,2325
서울특별시,동작구,대방동,2416
서울특별시,동작구,신대방동,2183
서울특별시,관악구,봉천동,2344
서울특별시,관악구,신림동,2467
서울특별시,관악구,남현동,2837
서울특별시,서초구,방배동,4305
서울특별시,서초구,양재동,4174
서울특별시,서초구,우면동,3402
서울특별시,서초구,원지동,2608
서울특별시,서초구,잠원동,4233
서울특별시,서초구,반포동,4163
서울특별시,서초구,서초동,4665
서울특별시,서초구,내곡동,2562
서울특별시,서초구,염곡동,2766
서울특별시,서초구,신원동,2926
서울특별시,강남구,역삼동,4571
서울특별시,강남구,포이동,0
서울특별시,강남구,개포동,3896
서울특별시,강남구,청담동,5738
서울특별시,강남구,삼성동,4993
서울특별시,강남구,대치동,4885
서울특별시,강남구,논현동,4506
서울특별시,강남구,압구정동,10100
서울특별시,강남구,세곡동,2571
서울특별시,강남구,자곡동,2770
서울특별시,강남구,율현동,2727
서울특별시,강남구,일원동,4055
서울특별시,강남구,수서동,3140
서울특별시,강남구,도곡동,4631
서울특별시,송파구,잠실동,4912
서울특별시,송파구,신천동,8650
서울특별시,송파구,풍납동,2463
서울특별시,송파구,송파동,3575
서울특별시,송파구,석촌동,4023
서울특별시,송파구,삼전동,3952
서울특별시,송파구,가락동,3674
서울특별시,송파구,문정동,3417
서울특별시,송파구,장지동,3672
서울특별시,송파구,방이동,3962
서울특별시,송파구,오금동,3350
서울특별시,송파구,거여동,3323
서울특별시,송파구,마천동,3040
서울특별시,강동구,명일동,3056
서울특별시,강동구,고덕동,3372
서울특별시,강동구,상일동,3580
서울특별시,강동구,하일동,0
서울특별시,강동구,길동,2692
서울특별시,강동구,둔촌동,2748
서울특별시,강동구,암사동,2430
서울특별시,강동구,성내동,2770
서울특별시,강동구,천호동,2934
서울특별시,종로구,청운동,2724
서울특별시,종로구,신교동,2639
서울특별시,종로구,궁정동,3350
서울특별시,종로구,효자동,2963
서울특별시,종로구,창성동,3219
서울특별시,종로구,통의동,3230
서울특별시,종로구,적선동,0
서울특별시,종로구,통인동,3187
서울특별시,종로구,누상동,2892
서울특별시,종로구,누하동,3571
서울특별시,종로구,옥인동,3219
서울특별시,종로구,체부동,3669
서울특별시,종로구,필운동,3705
서울특별시,종로구,내자동,5330
서울특별시,종로구,사직동,3508
서울특별시,종로구,도렴동,0
서울특별시,종로구,당주동,0
서울특별시,종로구,내수동,8885
서울특별시,종로구,세종로,0
서울특별시,종로구,신문로1가,0
서울특별시,종로구,신문로2가,3993
서울특별시,종로구,청진동,0
서울특별시,종로구,서린동,0
서울특별시,종로구,수송동,0
서울특별시,종로구,중학동,0
서울특별시,종로구,종로1가,0
서울특별시,종로구,공평동,0
서울특별시,종로구,관훈동,0
서울특별시,종로구,견지동,0
서울특별시,종로구,와룡동,2680
서울특별시,종로구,권농동,2400
서울특별시,종로구,운니동,2965
서울특별시,종로구,익선동,3812
서울특별시,종로구,경운동,3410
서울특별시,종로구,관철동,0
서울특별시,종로구,인사동,0
서울특별시,종로구,낙원동,3375
서울특별시,종로구,종로2가,0
서울특별시,종로구,팔판동,4533
서울특별시,종로구,삼청동,3529
서울특별시,종로구,안국동,5085
서울특별시,종로구,소격동,4872
서울특별시,종로구,화동,4331
서울특별시,종로구,사간동,3852
서울특별시,종로구,송현동,4350
서울특별시,종로구,가회동,4160
서울특별시,종로구,재동,4810
서울특별시,종로구,계동,3555
서울특별시,종로구,원서동,3272
서울특별시,종로구,묘동,0
서울특별시,종로구,봉익동,2860
서울특별시,종로구,돈의동,3684
서울특별시,종로구,장사동,0
서울특별시,종로구,관수동,0
서울특별시,종로구,종로3가,0
서울특별시,종로구,인의동,2465
서울특별시,종로구,예지동,0
서울특별시,종로구,원남동,2478
서울특별시,종로구,연지동,2578
서울특별시,종로구,종로4가,0
서울특별시,종로구,효제동,3163
서울특별시,종로구,종로5가,5050
서울특별시,종로구,종로6가,3280
서울특별시,종로구,이화동,2729
서울특별시,종로구,연건동,2723
서울특별시,종로구,충신동,2804
서울특별시,종로구,동숭동,2912
서울특별시,종로구,혜화동,2774
서울특별시,종로구,명륜1가,2717
서울특별시,종로구,명륜2가,2878
서울특별시,종로구,명륜4가,3663
서울특별시,종로구,명륜3가,2109
서울특별시,종로구,창신동,2618
서울특별시,종로구,숭인동,2707
서울특별시,종로구,교남동,0
서울특별시,종로구,평동,0
서울특별시,종로구,송월동,0
서울특별시,종로구,홍파동,2570
서울특별시,종로구,교북동,0
서울특별시,종로구,행촌동,2113
서울특별시,종로구,구기동,1831
서울특별시,종로구,평창동,2113
서울특별시,종로구,부암동,1679
서울특별시,종로구,홍지동,1736
서울특별시,종로구,신영동,1910
서울특별시,종로구,무악동,3288
서울특별시,중구,무교동,0
서울특별시,중구,다동,0
서울특별시,중구,태평로1가,0
서울특별시,중구,을지로1가,0
서울특별시,중구,을지로2가,0
서울특별시,중구,남대문로1가,0
서울특별시,중구,삼각동,0
서울특별시,중구,수하동,0
서울특별시,중구,장교동,0
서울특별시,중구,수표동,0
서울특별시,중구,소공동,0
서울특별시,중구,남창동,2666
서울특별시,중구,북창동,0
서울특별시,중구,태평로2가,0
서울특별시,중구,남대문로2가,0
서울특별시,중구,남대문로3가,0
서울특별시,중구,남대문로4가,0
서울특별시,중구,남대문로5가,0
서울특별시,중구,봉래동1가,0
서울특별시,중구,회현동1가,3254
서울특별시,중구,회현동2가,2385
서울특별시,중구,회현동3가,2480
서울특별시,중구,충무로1가,0
서울특별시,중구,충무로2가,0
서울특별시,중구,명동1가,0
서울특별시,중구,명동2가,0
서울특별시,중구,남산동1가,2673
서울특별시,중구,남산동2가,2319
서울특별시,중구,남산동3가,2500
서울특별시,중구,저동1가,0
서울특별시,중구,충무로4가,0
서울특별시,중구,충무로5가,0
서울특별시,중구,인현동2가,0
서울특별시,중구,예관동,0
서울특별시,중구,묵정동,2570
서울특별시,중구,필동1가,4130
서울특별시,중구,필동2가,3564
서울특별시,중구,필동3가,3080
서울특별시,중구,남학동,0
서울특별시,중구,주자동,0
서울특별시,중구,예장동,2910
서울특별시,중구,장충동1가,3322
서울특별시,중구,장충동2가,2974
서울특별시,중구,광희동1가,0
서울특별시,중구,광희동2가,2837
서울특별시,중구,쌍림동,2768
서울특별시,중구,을지로6가,0
서울특별시,중구,을지로7가,0
서울특별시,중구,을지로4가,0
서울특별시,중구,을지로5가,0
서울특별시,중구,주교동,0
서울특별시,중구,방산동,0
서울특별시,중구,오장동,0
서울특별시,중구,을지로3가,0
서울특별시,중구,입정동,0
서울특별시,중구,산림동,0
서울특별시,중구,충무로3가,0
서울특별시,중구,초동,0
서울특별시,중구,인현동1가,0
서울특별시,중구,저동2가,0
서울특별시,중구,신당동,2749
서울특별시,중구,흥인동,3880
서울특별시,중구,무학동,4930
서울특별시,중구,황학동,3621
서울특별시,중구,서소문동,0
서울특별시,중구,정동,0
서울특별시,중구,순화동,0
서울특별시,중구,의주로1가,0
서울특별시,중구,충정로1가,0
서울특별시,중구,중림동,2978
서울특별시,중구,의주로2가,0
서울특별시,중구,만리동1가,3298
서울특별시,중구,만리동2가,2909
서울특별시,용산구,후암동,2987
서울특별시,용산구,용산동2가,3056
서울특별시,용산구,갈월동,3496
서울특별시,용산구,남영동,4330
서울특별시,용산구,동자동,3832
서울특별시,용산구,서계동,3374
서울특별시,용산구,청파동1가,2969
서울특별시,용산구,청파동2가,3126
서울특별시,용산구,청파동3가,3190
서울특별시,용산구,원효로1가,3868
서울특별시,용산구,원효로2가,3399
서울특별시,용산구,신창동,3101
서울특별시,용산구,산천동,3484
서울특별시,용산구,청암동,3130
서울특별시,용산구,원효로3가,3528
서울특별시,용산구,원효로4가,3164
서울특별시,용산구,효창동,3304
서울특별시,용산구,도원동,4605
서울특별시,용산구,용문동,3560
서울특별시,용산구,문배동,0
서울특별시,용산구,신계동,4193
서울특별시,용산구,한강로1가,6203
서울특별시,용산구,한강로2가,6257
서울특별시,용산구,용산동3가,5633
서울특별시,용산구,용산동5가,0
서울특별시,용산구,한강로3가,6119
서울특별시,용산구,이촌동,8440
서울특별시,용산구,이태원동,3955
서울특별시,용산구,한남동,4690
서울특별시,용산구,동빙고동,4783
서울특별시,용산구,서빙고동,3814
서울특별시,용산구,주성동,5038
서울특별시,용산구,용산동6가,0
서울특별시,용산구,보광동,4663
서울특별시,성동구,상왕십리동,3680
서울특별시,성동구,하왕십리동,2930
서울특별시,성동구,홍익동,3765
서울특별시,성동구,도선동,3656
서울특별시,성동구,마장동,2951
서울특별시,성동구,사근동,2369
서울특별시,성동구,행당동,3260
서울특별시,성동구,응봉동,2634
서울특별시,성동구,금호동1가,3035
서울특별시,성동구,금호동2가,3015
서울특별시,성동구,금호동3가,2913
서울특별시,성동구,금호동4가,3341
서울특별시,성동구,옥수동,3124
서울특별시,성동구,성수동1가,3736
서울특별시,성동구,성수동2가,3667
서울특별시,성동구,송정동,2782
서울특별시,성동구,용답동,3099
서울특별시,광진구,중곡동,2546
서울특별시,광진구,능동,2903
서울특별시,광진구,구의동,3047
서울특별시,광진구,광장동,3307
서울특별시,광진구,자양동,3297
서울특별시,광진구,노유동,0
서울특별시,광진구,화양동,3799
서울특별시,광진구,모진동,0
서울특별시,광진구,군자동,3069
서울특별시,동대문구,신설동,2642
서울특별시,동대문구,용두동,2829
서울특별시,동대문구,제기동,2472
서울특별시,동대문구,전농동,2701
서울특별시,동대문구,답십리동,2841
서울특별시,동대문구,장안동,2634
서울특별시,동대문구,청량리동,2470
서울특별시,동대문구,회기동,2690
서울특별시,동대문구,휘경동,2416
서울특별시,동대문구,이문동,2570
서울특별시,중랑구,면목동,2183
서울특별시,중랑구,상봉동,2466
서울특별시,중랑구,중화동,2252
서울특별시,중랑구,묵동,2244
서울특별시,중랑구,망우동,2121
서울특별시,중랑구,신내동,2060
서울특별시,성북구,성북동,2671
서울특별시,성북구,성북동1가,2885
서울특별시,성북구,돈암동,2407
서울특별시,성북구,동소문동1가,3024
서울특별시,성북구,동소문동2가,2995
서울특별시,성북구,동소문동3가,3570
서울특별시,성북구,동소문동4가,2698
서울특별시,성북구,동소문동5가,3812
서울특별시,성북구,동소문동6가,2908
서울특별시,성북구,동소문동7가,3106
서울특별시,성북구,삼선동1가,2486
서울특별시,성북구,삼선동2가,2916
서울특별시,성북구,삼선동3가,2830
서울특별시,성북구,삼선동4가,3103
서울특별시,성북구,삼선동5가,3120
서울특별시,성북구,동선동1가,3252
서울특별시,성북구,동선동2가,3353
서울특별시,성북구,동선동3가,3106
서울특별시,성북구,동선동4가,3000
서울특별시,성북구,동선동5가,2684
서울특별시,성북구,안암동1가,2789
서울특별시,성북구,안암동2가,2845
서울특별시,성북구,안암동3가,2542
서울특별시,성북구,안암동4가,3311
서울특별시,성북구,안암동5가,3057
서울특별시,성북구,보문동4가,3038
서울특별시,성북구,보문동5가,2848
서울특별시,성북구,보문동6가,2516
서울특별시,성북구,보문동7가,2926
서울특별시,성북구,보문동1가,3035
서울특별시,성북구,보문동2가,2911
서울특별시,성북구,보문동3가,2700
서울특별시,성북구,정릉동,2061
서울특별시,성북구,길음동,2635
서울특별시,성북구,종암동,2362
서울특별시,성북구,하월곡동,2586
서울특별시,성북구,상월곡동,2459
서울특별시,성북구,장위동,2526
서울특별시,성북구,석관동,2445
서울특별시,강북구,미아동,2129
서울특별시,강북구,번동,1901
서울특별시,강북구,수유동,1787
서울특별시,강북구,우이동,1689
서울특별시,도봉구,쌍문동,1884
서울특별시,도봉구,방학동,2083
서울특별시,도봉구,창동,2238
서울특별시,도봉구,도봉동,2067
서울특별시,노원구,월계동,2019
서울특별시,노원구,공릉동,2130
서울특별시,노원구,하계동,2056
서울특별시,노원구,상계동,2223
서울특별시,노원구,중계동,1967
서울특별시,은평구,수색동,2472
서울특별시,은평구,녹번동,2263
서울특별시,은평구,불광동,2317
서울특별시,은평구,갈현동,2219
서울특별시,은평구,구산동,2202
서울특별시,은평구,대조동,2721
서울특별시,은평구,응암동,2384
서울특별시,은평구,역촌동,2389
서울특별시,은평구,신사동,2169
서울특별시,은평구,증산동,2608
서울특별시,은평구,진관내동,2233
서울특별시,은평구,구파발동,0
서울특별시,은평구,진관외동,0
서울특별시,서대문구,충정로2가,3726
서울특별시,서대문구,충정로3가,3038
서울특별시,서대문구,합동,3090
서울특별시,서대문구,미근동,3354
서울특별시,서대문구,냉천동,3542
서울특별시,서대문구,천연동,2934
서울특별시,서대문구,옥천동,3121
서울특별시,서대문구,영천동,4006
서울특별시,서대문구,현저동,1870
서울특별시,서대문구,북아현동,2967
서울특별시,서대문구,홍제동,2471
서울특별시,서대문구,대현동,3435
서울특별시,서대문구,대신동,3074
서울특별시,서대문구,신촌동,2320
서울특별시,서대문구,봉원동,2000
서울특별시,서대문구,창천동,2899
서울특별시,서대문구,연희동,2286
서울특별시,서대문구,홍은동,1990
서울특별시,서대문구,북가좌동,2391
서울특별시,서대문구,남가좌동,2442
서울특별시,마포구,아현동,3644
서울특별시,마포구,공덕동,3343
서울특별시,마포구,신공덕동,2903
서울특별시,마포구,도화동,3232
서울특별시,마포구,용강동,3126
서울특별시,마포구,토정동,3245
서울특별시,마포구,마포동,3281
서울특별시,마포구,대흥동,3193
서울특별시,마포구,염리동,3673
서울특별시,마포구,노고산동,3578
서울특별시,마포구,신수동,3025
서울특별시,마포구,현석동,3170
서울특별시,마포구,구수동,2690
서울특별시,마포구,창전동,3095
서울특별시,마포구,상수동,3682
서울특별시,마포구,하중동,0
서울특별시,마포구,신정동,3560
서울특별시,마포구,당인동,3433
서울특별시,마포구,서교동,4143
서울특별시,마포구,동교동,3789
서울특별시,마포구,합정동,3434
서울특별시,마포구,망원동,3132
서울특별시,마포구,연남동,2925
서울특별시,마포구,성산동,2852
서울특별시,마포구,중동,2754
서울특별시,마포구,상암동,4235
서울특별시,양천구,목동,2790
서울특별시,양천구,신월동,2215
서울특별시,강서구,염창동,3157
서울특별시,강서구,등촌동,2656
서울특별시,강서구,화곡동,2121
서울특별시,강서구,가양동,2500
서울특별시,강서구,마곡동,2623
서울특별시,강서구,내발산동,2344
서울특별시,강서구,외발산동,2097
서울특별시,강서구,공항동,2355
서울특별시,강서구,방화동,2479
서울특별시,강서구,개화동,1784
서울특별시,강서구,과해동,0
서울특별시,강서구,오곡동,438
서울특별시,강서구,오쇠동,0
서울특별시,구로구,신도림동,3361
서울특별시,구로구,구로동,2419
서울특별시,구로구,가리봉동,2967
서울특별시,구로구,고척동,2088
서울특별시,구로구,개봉동,2365
서울특별시,구로구,오류동,2159
서울특별시,구로구,궁동,2013
서울특별시,구로구,온수동,2117
서울특별시,구로구,천왕동,2320
서울특별시,구로구,항동,2088
서울특별시,금천구,가산동,2172
서울특별시,금천구,독산동,2105
서울특별시,금천구,시흥동,2094
서울특별시,영등포구,영등포동,2522
서울특별시,영등포구,영등포동1가,3223
서울특별시,영등포구,영등포동2가,2995
서울특별시,영등포구,영등포동3가,0
서울특별시,영등포구,영등포동4가,4470
서울특별시,영등포구,영등포동5가,2867
서울특별시,영등포구,영등포동6가,2830
서울특별시,영등포구,영등포동7가,3280
서울특별시,영등포구,영등포동8가,2810
서울특별시,영등포구,여의도동,5775
서울특별시,영등포구,당산동1가,3039
서울특별시,영등포구,당산동2가,3030
서울특별시,영등포구,당산동3가,3426
서울특별시,영등포구,당산동4가,3238
서울특별시,영등포구,당산동5가,3235
서울특별시,영등포구,당산동6가,2680
서울특별시,영등포구,당산동,2562
서울특별시,영등포구,도림동,2338
서울특별시,영등포구,문래동1가,2510
서울특별시,영등포구,문래동2가,0
서울특별시,영등포구,문래동3가,2825
서울특별시,영등포구,문래동4가,0
서울특별시,영등포구,문래동5가,0
서울특별시,영등포구,문래동6가,3710
서울특별시,영등포구,양평동1가,3122
서울특별시,영등포구,양평동2가,3458
서울특별시,영등포구,양평동3가,2933
서울특별시,영등포구,양평동4가,3360
서울특별시,영등포구,양평동5가,3003
서울특별시,영등포구,양평동6가,2570
서울특별시,영등포구,신길동,2792
서울특별시,영등포구,대림동,2322
서울특별시,동작구,노량진동,3676
서울특별시,동작구,상도동,2535
서울특별시,동작구,상도1동,2831
서울특별시,동작구,본동,2638
서울특별시,동작구,흑석동,3517
서울특별시,동작구,동작동,2812
서울특별시,동작구,사당동,2924
서울특별시,동작구,대방동,2839
서울특별시,동작구,신대방동,2602
서울특별시,관악구,봉천동,2669
서울특별시,관악구,신림동,2868
서울특별시,관악구,남현동,3153
서울특별시,서초구,방배동,4611
서울특별시,서초구,양재동,4502
서울특별시,서초구,우면동,3607
서울특별시,서초구,원지동,2700
서울특별시,서초구,잠원동,4735
서울특별시,서초구,반포동,4619
서울특별시,서초구,서초동,4787
서울특별시,서초구,내곡동,2653
서울특별시,서초구,염곡동,2949
서울특별시,서초구,신원동,2973
서울특별시,강남구,역삼동,5099
서울특별시,강남구,포이동,0
서울특별시,강남구,개포동,4222
서울특별시,강남구,청담동,6198
서울특별시,강남구,삼성동,5484
서울특별시,강남구,대치동,5517
서울특별시,강남구,논현동,4953
서울특별시,강남구,압구정동,10400
서울특별시,강남구,세곡동,2704
서울특별시,강남구,자곡동,2933
서울특별시,강남구,율현동,2822
서울특별시,강남구,일원동,4277
서울특별시,강남구,수서동,3787
서울특별시,강남구,도곡동,5151
서울특별시,송파구,잠실동,5663
서울특별시,송파구,신천동,8910
서울특별시,송파구,풍납동,2898
서울특별시,송파구,송파동,4305
서울특별시,송파구,석촌동,4809
서울특별시,송파구,삼전동,4775
서울특별시,송파구,가락동,4049
서울특별시,송파구,문정동,3742
서울특별시,송파구,장지동,4067
서울특별시,송파구,방이동,4604
서울특별시,송파구,오금동,3749
서울특별시,송파구,거여동,3593
서울특별시,송파구,마천동,3494
서울특별시,강동구,명일동,3663
서울특별시,강동구,고덕동,3819
서울특별시,강동구,상일동,3975
서울특별시,강동구,하일동,0
서울특별시,강동구,길동,3226
서울특별시,강동구,둔촌동,3213
서울특별시,강동구,암사동,2988
서울특별시,강동구,성내동,3495
서울특별시,강동구,천호동,3376
서울특별시,종로구,청운동,2887.3684210526
서울특별시,종로구,신교동,2798
서울특별시,종로구,궁정동,3527
서울특별시,종로구,효자동,3142
서울특별시,종로구,창성동,3414
서울특별시,종로구,통의동,3424
서울특별시,종로구,적선동,0
서울특별시,종로구,통인동,3410
서울특별시,종로구,누상동,3114
서울특별시,종로구,누하동,3729
서울특별시,종로구,옥인동,3406
서울특별시,종로구,체부동,3837
서울특별시,종로구,필운동,3928
서울특별시,종로구,내자동,5583
서울특별시,종로구,사직동,3630
서울특별시,종로구,도렴동,0
서울특별시,종로구,당주동,0
서울특별시,종로구,내수동,9170
서울특별시,종로구,세종로,0
서울특별시,종로구,신문로1가,0
서울특별시,종로구,신문로2가,4112
서울특별시,종로구,청진동,0
서울특별시,종로구,서린동,0
서울특별시,종로구,수송동,0
서울특별시,종로구,중학동,0
서울특별시,종로구,종로1가,0
서울특별시,종로구,공평동,0
서울특별시,종로구,관훈동,0
서울특별시,종로구,견지동,0
서울특별시,종로구,와룡동,2399
서울특별시,종로구,권농동,2480
서울특별시,종로구,운니동,3115
서울특별시,종로구,익선동,3821
서울특별시,종로구,경운동,3450
서울특별시,종로구,관철동,0
서울특별시,종로구,인사동,0
서울특별시,종로구,낙원동,3385
서울특별시,종로구,종로2가,0
서울특별시,종로구,팔판동,4768
서울특별시,종로구,삼청동,3675
서울특별시,종로구,안국동,5272
서울특별시,종로구,소격동,5131
서울특별시,종로구,화동,4553
서울특별시,종로구,사간동,4012
서울특별시,종로구,송현동,4470
서울특별시,종로구,가회동,4306
서울특별시,종로구,재동,4990
서울특별시,종로구,계동,3693
서울특별시,종로구,원서동,3385
서울특별시,종로구,묘동,0
서울특별시,종로구,봉익동,2980
서울특별시,종로구,돈의동,3812
서울특별시,종로구,장사동,0
서울특별시,종로구,관수동,0
서울특별시,종로구,종로3가,0
서울특별시,종로구,인의동,2500
서울특별시,종로구,예지동,0
서울특별시,종로구,원남동,2518
서울특별시,종로구,연지동,2620
서울특별시,종로구,종로4가,0
서울특별시,종로구,효제동,3303
서울특별시,종로구,종로5가,5280
서울특별시,종로구,종로6가,3381
서울특별시,종로구,이화동,2832
서울특별시,종로구,연건동,2872
서울특별시,종로구,충신동,2855
서울특별시,종로구,동숭동,3029
서울특별시,종로구,혜화동,2891
서울특별시,종로구,명륜1가,2838
서울특별시,종로구,명륜2가,2996
서울특별시,종로구,명륜4가,3822
서울특별시,종로구,명륜3가,2187
서울특별시,종로구,창신동,2628
서울특별시,종로구,숭인동,2748
서울특별시,종로구,교남동,0
서울특별시,종로구,평동,0
서울특별시,종로구,송월동,0
서울특별시,종로구,홍파동,2630
서울특별시,종로구,교북동,0
서울특별시,종로구,행촌동,2156
서울특별시,종로구,구기동,1926
서울특별시,종로구,평창동,2232
서울특별시,종로구,부암동,1801
서울특별시,종로구,홍지동,1857
서울특별시,종로구,신영동,1985
서울특별시,종로구,무악동,3405
서울특별시,중구,무교동,0
서울특별시,중구,다동,0
서울특별시,중구,태평로1가,0
서울특별시,중구,을지로1가,0
서울특별시,중구,을지로2가,0
서울특별시,중구,남대문로1가,0
서울특별시,중구,삼각동,0
서울특별시,중구,수하동,0
서울특별시,중구,장교동,0
서울특별시,중구,수표동,0
서울특별시,중구,소공동,0
서울특별시,중구,남창동,2886
서울특별시,중구,북창동,0
서울특별시,중구,태평로2가,0
서울특별시,중구,남대문로2가,0
서울특별시,중구,남대문로3가,0
서울특별시,중구,남대문로4가,0
서울특별시,중구,남대문로5가,0
서울특별시,중구,봉래동1가,0
서울특별시,중구,회현동1가,3453
서울특별시,중구,회현동2가,2558
서울특별시,중구,회현동3가,2680
서울특별시,중구,충무로1가,0
서울특별시,중구,충무로2가,0
서울특별시,중구,명동1가,0
서울특별시,중구,명동2가,0
서울특별시,중구,남산동1가,2858
서울특별시,중구,남산동2가,2496
서울특별시,중구,남산동3가,2670
서울특별시,중구,저동1가,0
서울특별시,중구,충무로4가,0
서울특별시,중구,충무로5가,0
서울특별시,중구,인현동2가,0
서울특별시,중구,예관동,0
서울특별시,중구,묵정동,2655
서울특별시,중구,필동1가,3590
서울특별시,중구,필동2가,3586
서울특별시,중구,필동3가,3094
서울특별시,중구,남학동,0
서울특별시,중구,주자동,0
서울특별시,중구,예장동,2995
서울특별시,중구,장충동1가,3387
서울특별시,중구,장충동2가,3048
서울특별시,중구,광희동1가,0
서울특별시,중구,광희동2가,2999
서울특별시,중구,쌍림동,2951
서울특별시,중구,을지로6가,0
서울특별시,중구,을지로7가,0
서울특별시,중구,을지로4가,0
서울특별시,중구,을지로5가,0
서울특별시,중구,주교동,0
서울특별시,중구,방산동,0
서울특별시,중구,오장동,0
서울특별시,중구,을지로3가,0
서울특별시,중구,입정동,0
서울특별시,중구,산림동,0
서울특별시,중구,충무로3가,0
서울특별시,중구,초동,0
서울특별시,중구,인현동1가,0
서울특별시,중구,저동2가,0
서울특별시,중구,신당동,2869
서울특별시,중구,흥인동,3970
서울특별시,중구,무학동,5010
서울특별시,중구,황학동,3732
서울특별시,중구,서소문동,0
서울특별시,중구,정동,0
서울특별시,중구,순화동,0
서울특별시,중구,의주로1가,0
서울특별시,중구,충정로1가,0
서울특별시,중구,중림동,3153
서울특별시,중구,의주로2가,0
서울특별시,중구,만리동1가,3445
서울특별시,중구,만리동2가,3843
서울특별시,용산구,후암동,3199
서울특별시,용산구,용산동2가,3340
서울특별시,용산구,갈월동,3696
서울특별시,용산구,남영동,4385
서울특별시,용산구,동자동,4029
서울특별시,용산구,서계동,3525
서울특별시,용산구,청파동1가,3133
서울특별시,용산구,청파동2가,3297
서울특별시,용산구,청파동3가,3357
서울특별시,용산구,원효로1가,4023
서울특별시,용산구,원효로2가,3546
서울특별시,용산구,신창동,3239
서울특별시,용산구,산천동,3620
서울특별시,용산구,청암동,3265
서울특별시,용산구,원효로3가,3664
서울특별시,용산구,원효로4가,3302
서울특별시,용산구,효창동,3488
서울특별시,용산구,도원동,4740
서울특별시,용산구,용문동,3714
서울특별시,용산구,문배동,0
서울특별시,용산구,신계동,4340
서울특별시,용산구,한강로1가,6386
서울특별시,용산구,한강로2가,6556
서울특별시,용산구,용산동3가,5833
서울특별시,용산구,용산동5가,0
서울특별시,용산구,한강로3가,6283
서울특별시,용산구,이촌동,8518
서울특별시,용산구,이태원동,4438
서울특별시,용산구,한남동,5088
서울특별시,용산구,동빙고동,4951
서울특별시,용산구,서빙고동,3980
서울특별시,용산구,주성동,5160
서울특별시,용산구,용산동6가,0
서울특별시,용산구,보광동,4781
서울특별시,성동구,상왕십리동,3800
서울특별시,성동구,하왕십리동,3044
서울특별시,성동구,홍익동,3876
서울특별시,성동구,도선동,3804
서울특별시,성동구,마장동,3100
서울특별시,성동구,사근동,2465
서울특별시,성동구,행당동,3398
서울특별시,성동구,응봉동,2717
서울특별시,성동구,금호동1가,2827
서울특별시,성동구,금호동2가,3105
서울특별시,성동구,금호동3가,2994
서울특별시,성동구,금호동4가,3476
서울특별시,성동구,옥수동,3241
서울특별시,성동구,성수동1가,3887
서울특별시,성동구,성수동2가,3755
서울특별시,성동구,송정동,2878
서울특별시,성동구,용답동,3192
서울특별시,광진구,중곡동,2674
서울특별시,광진구,능동,3044
서울특별시,광진구,구의동,3182
서울특별시,광진구,광장동,3457
서울특별시,광진구,자양동,3449
서울특별시,광진구,노유동,0
서울특별시,광진구,화양동,0
서울특별시,광진구,모진동,0
서울특별시,광진구,군자동,3198
서울특별시,동대문구,신설동,2738
서울특별시,동대문구,용두동,2914
서울특별시,동대문구,제기동,2549
서울특별시,동대문구,전농동,2740
서울특별시,동대문구,답십리동,2906
서울특별시,동대문구,장안동,2747
서울특별시,동대문구,청량리동,2549
서울특별시,동대문구,회기동,2794
서울특별시,동대문구,휘경동,2508
서울특별시,동대문구,이문동,2628
서울특별시,중랑구,면목동,2281
서울특별시,중랑구,상봉동,2586
서울특별시,중랑구,중화동,2336
서울특별시,중랑구,묵동,2324
서울특별시,중랑구,망우동,2200
서울특별시,중랑구,신내동,2180
서울특별시,성북구,성북동,2812
서울특별시,성북구,성북동1가,3015
서울특별시,성북구,돈암동,2496
서울특별시,성북구,동소문동1가,3145
서울특별시,성북구,동소문동2가,3158
서울특별시,성북구,동소문동3가,3715
서울특별시,성북구,동소문동4가,2807
서울특별시,성북구,동소문동5가,3898
서울특별시,성북구,동소문동6가,3020
서울특별시,성북구,동소문동7가,3216
서울특별시,성북구,삼선동1가,2572
서울특별시,성북구,삼선동2가,3034
서울특별시,성북구,삼선동3가,2944
서울특별시,성북구,삼선동4가,3228
서울특별시,성북구,삼선동5가,3261
서울특별시,성북구,동선동1가,3355
서울특별시,성북구,동선동2가,3452
서울특별시,성북구,동선동3가,3216
서울특별시,성북구,동선동4가,3121
서울특별시,성북구,동선동5가,2799
서울특별시,성북구,안암동1가,2901
서울특별시,성북구,안암동2가,2961
서울특별시,성북구,안암동3가,2646
서울특별시,성북구,안암동4가,3425
서울특별시,성북구,안암동5가,3177
서울특별시,성북구,보문동4가,3155
서울특별시,성북구,보문동5가,2959
서울특별시,성북구,보문동6가,2580
서울특별시,성북구,보문동7가,3011
서울특별시,성북구,보문동1가,3145
서울특별시,성북구,보문동2가,3023
서울특별시,성북구,보문동3가,2810
서울특별시,성북구,정릉동,2132
서울특별시,성북구,길음동,2751
서울특별시,성북구,종암동,2466
서울특별시,성북구,하월곡동,2686
서울특별시,성북구,상월곡동,2569
서울특별시,성북구,장위동,2559
서울특별시,성북구,석관동,2526
서울특별시,강북구,미아동,2210
서울특별시,강북구,번동,1953
서울특별시,강북구,수유동,1837
서울특별시,강북구,우이동,1766
서울특별시,도봉구,쌍문동,1982
서울특별시,도봉구,방학동,2224
서울특별시,도봉구,창동,2398
서울특별시,도봉구,도봉동,2159
서울특별시,노원구,월계동,2102
서울특별시,노원구,공릉동,2249
서울특별시,노원구,하계동,2117
서울특별시,노원구,상계동,2262
서울특별시,노원구,중계동,2000
서울특별시,은평구,수색동,2493
서울특별시,은평구,녹번동,2363
서울특별시,은평구,불광동,2399
서울특별시,은평구,갈현동,2334
서울특별시,은평구,구산동,2326
서울특별시,은평구,대조동,2863
서울특별시,은평구,응암동,2507
서울특별시,은평구,역촌동,2544
서울특별시,은평구,신사동,2316
서울특별시,은평구,증산동,2636
서울특별시,은평구,진관내동,2346
서울특별시,은평구,구파발동,0
서울특별시,은평구,진관외동,2346
서울특별시,서대문구,충정로2가,3876
서울특별시,서대문구,충정로3가,3134
서울특별시,서대문구,합동,3200
서울특별시,서대문구,미근동,3484
서울특별시,서대문구,냉천동,3712
서울특별시,서대문구,천연동,3096
서울특별시,서대문구,옥천동,3230
서울특별시,서대문구,영천동,4143
서울특별시,서대문구,현저동,1940
서울특별시,서대문구,북아현동,3116
서울특별시,서대문구,홍제동,2598
서울특별시,서대문구,대현동,3532
서울특별시,서대문구,대신동,3215
서울특별시,서대문구,신촌동,2425
서울특별시,서대문구,봉원동,2090
서울특별시,서대문구,창천동,3023
서울특별시,서대문구,연희동,2405
서울특별시,서대문구,홍은동,2069
서울특별시,서대문구,북가좌동,2494
서울특별시,서대문구,남가좌동,2533
서울특별시,마포구,아현동,3761
서울특별시,마포구,공덕동,3645
서울특별시,마포구,신공덕동,3308
서울특별시,마포구,도화동,3562
서울특별시,마포구,용강동,3457
서울특별시,마포구,토정동,3730
서울특별시,마포구,마포동,3631
서울특별시,마포구,대흥동,3316
서울특별시,마포구,염리동,3790
서울특별시,마포구,노고산동,3734
서울특별시,마포구,신수동,3343
서울특별시,마포구,현석동,3646
서울특별시,마포구,구수동,3050
서울특별시,마포구,창전동,3486
서울특별시,마포구,상수동,4020
서울특별시,마포구,하중동,0
서울특별시,마포구,신정동,3560
서울특별시,마포구,당인동,3776
서울특별시,마포구,서교동,4594
서울특별시,마포구,동교동,4173
서울특별시,마포구,합정동,3691
서울특별시,마포구,망원동,3326
서울특별시,마포구,연남동,3069
서울특별시,마포구,성산동,2920
서울특별시,마포구,중동,2758
서울특별시,마포구,상암동,4377
서울특별시,양천구,목동,2974
서울특별시,양천구,신월동,2289
서울특별시,강서구,염창동,3262
서울특별시,강서구,등촌동,2749
서울특별시,강서구,화곡동,2199
서울특별시,강서구,가양동,2592
서울특별시,강서구,마곡동,2950
서울특별시,강서구,내발산동,2426
서울특별시,강서구,외발산동,2170
서울특별시,강서구,공항동,2414
서울특별시,강서구,방화동,2553
서울특별시,강서구,개화동,1819
서울특별시,강서구,과해동,0
서울특별시,강서구,오곡동,447
서울특별시,강서구,오쇠동,0
서울특별시,구로구,신도림동,3444
서울특별시,구로구,구로동,2504
서울특별시,구로구,가리봉동,2971
서울특별시,구로구,고척동,2143
서울특별시,구로구,개봉동,2424
서울특별시,구로구,오류동,2216
서울특별시,구로구,궁동,2100
서울특별시,구로구,온수동,2173
서울특별시,구로구,천왕동,2371
서울특별시,구로구,항동,2297
서울특별시,금천구,가산동,2260
서울특별시,금천구,독산동,2188
서울특별시,금천구,시흥동,2156
서울특별시,영등포구,영등포동,2646
서울특별시,영등포구,영등포동1가,3320
서울특별시,영등포구,영등포동2가,3090
서울특별시,영등포구,영등포동3가,0
서울특별시,영등포구,영등포동4가,4650
서울특별시,영등포구,영등포동5가,2960
서울특별시,영등포구,영등포동6가,2917
서울특별시,영등포구,영등포동7가,3396
서울특별시,영등포구,영등포동8가,2908
서울특별시,영등포구,여의도동,5945
서울특별시,영등포구,당산동1가,3082
서울특별시,영등포구,당산동2가,3060
서울특별시,영등포구,당산동3가,3465
서울특별시,영등포구,당산동4가,3378
서울특별시,영등포구,당산동5가,3263
서울특별시,영등포구,당산동6가,3263
서울특별시,영등포구,당산동,2638
서울특별시,영등포구,도림동,2366
서울특별시,영등포구,문래동1가,2590
서울특별시,영등포구,문래동2가,0
서울특별시,영등포구,문래동3가,2910
서울특별시,영등포구,문래동4가,0
서울특별시,영등포구,문래동5가,0
서울특별시,영등포구,문래동6가,3830
서울특별시,영등포구,양평동1가,3216
서울특별시,영등포구,양평동2가,3563
서울특별시,영등포구,양평동3가,3021
서울특별시,영등포구,양평동4가,3509
서울특별시,영등포구,양평동5가,3093
서울특별시,영등포구,양평동6가,2738
서울특별시,영등포구,신길동,2859
서울특별시,영등포구,대림동,2434
서울특별시,동작구,노량진동,3844
서울특별시,동작구,상도동,2690
서울특별시,동작구,상도1동,2952
서울특별시,동작구,본동,2757
서울특별시,동작구,흑석동,3647
서울특별시,동작구,동작동,2943
서울특별시,동작구,사당동,3081
서울특별시,동작구,대방동,2996
서울특별시,동작구,신대방동,2731
서울특별시,관악구,봉천동,2762
서울특별시,관악구,신림동,2976
서울특별시,관악구,남현동,3306
서울특별시,서초구,방배동,4815
서울특별시,서초구,양재동,4682
서울특별시,서초구,우면동,3772
서울특별시,서초구,원지동,2745
서울특별시,서초구,잠원동,4955
서울특별시,서초구,반포동,4891
서울특별시,서초구,서초동,4862
서울특별시,서초구,내곡동,2862
서울특별시,서초구,염곡동,3050
서울특별시,서초구,신원동,3024
서울특별시,강남구,역삼동,5320
서울특별시,강남구,포이동,0
서울특별시,강남구,개포동,4381
서울특별시,강남구,청담동,6584
서울특별시,강남구,삼성동,5841
서울특별시,강남구,대치동,5744
서울특별시,강남구,논현동,5114
서울특별시,강남구,압구정동,10800
서울특별시,강남구,세곡동,2857
서울특별시,강남구,자곡동,3065
서울특별시,강남구,율현동,2967
서울특별시,강남구,일원동,4447
서울특별시,강남구,수서동,4017
서울특별시,강남구,도곡동,5361
서울특별시,송파구,잠실동,5926
서울특별시,송파구,신천동,9170
서울특별시,송파구,풍납동,3114
서울특별시,송파구,송파동,4437
서울특별시,송파구,석촌동,5043
서울특별시,송파구,삼전동,4885
서울특별시,송파구,가락동,4211
서울특별시,송파구,문정동,3936
서울특별시,송파구,장지동,4576
서울특별시,송파구,방이동,4825
서울특별시,송파구,오금동,3879
서울특별시,송파구,거여동,3650
서울특별시,송파구,마천동,3552
서울특별시,강동구,명일동,3789
서울특별시,강동구,고덕동,3880
서울특별시,강동구,상일동,4073
서울특별시,강동구,하일동,0
서울특별시,강동구,길동,3369
서울특별시,강동구,둔촌동,3372
서울특별시,강동구,암사동,3131
서울특별시,강동구,성내동,3679
서울특별시,강동구,천호동,3559
